ac_cat_code,ac_cat,update_count,create_time,online_update_time,online_update_user_id,update_time,update_module_code
1,クレジットカード払い,0,2014-12-01 09:00:00,,system,2014-12-01 09:00:00,system
2,口座振替,0,2014-12-01 09:00:00,,system,2014-12-01 09:00:00,system
4,請求時振込先（自社口座）,0,2014-12-01 09:00:00,,system,2014-12-01 09:00:00,system
A,外部システム（外部システム合算）,0,2014-12-01 09:00:00,,system,2014-12-01 09:00:00,system
B,外部システム（電気単独）,0,2014-12-01 09:00:00,,system,2014-12-01 09:00:00,system
