ai_code,item_class_code,ai_name,update_count,create_time,online_update_time,online_update_user_id,update_time,update_module_code
1121,,売掛金（低圧）,0,2014-12-01 09:00:00,,system,2014-12-01 09:00:00,system
2240,,仮受消費税（８％）,0,2014-12-01 09:00:00,,system,2014-12-01 09:00:00,system
2245,,預り金Ａ（高圧過入金）,0,2014-12-01 09:00:00,,system,2014-12-01 09:00:00,system
2246,,預り金Ｂ（低圧過入金）,0,2014-12-01 09:00:00,,system,2014-12-01 09:00:00,system
2247,,預り金C（低圧返金）,0,2014-12-01 09:00:00,,system,2014-12-01 09:00:00,system
2546,,仮受金Ｂ（低圧過少入金）,0,2014-12-01 09:00:00,,system,2014-12-01 09:00:00,system
4111,,電力販売収入（低圧）,0,2014-12-01 09:00:00,,system,2014-12-01 09:00:00,system
4112,,その他収入（低圧）,0,2014-12-01 09:00:00,,system,2014-12-01 09:00:00,system
6260,,雑費(低圧）,0,2014-12-01 09:00:00,,system,2014-12-01 09:00:00,system
7190,,雑収入,0,2014-12-01 09:00:00,,system,2014-12-01 09:00:00,system
8121,,売掛消込（低圧）,0,2014-12-01 09:00:00,,system,2014-12-01 09:00:00,system
8122,,売掛消込（卸）,0,2014-12-01 09:00:00,,system,2014-12-01 09:00:00,system
8128,,売掛消込（複合）,0,2014-12-01 09:00:00,,system,2014-12-01 09:00:00,system
8129,,売掛消込（その他）,0,2014-12-01 09:00:00,,system,2014-12-01 09:00:00,system
8201,,債権譲渡,0,2014-12-01 09:00:00,,system,2014-12-01 09:00:00,system
8211,,破産等債権,0,2014-12-01 09:00:00,,system,2014-12-01 09:00:00,system
