area_code,our_mng_area_code,section_code,area_name,host_name,connection_url,port_no,connection_kbn,update_count,create_time,online_update_time,online_update_user_id,update_time,update_module_code
01,1,100,北海道,hokkaido-fix-usage,/request,443,1,0,2014-12-01 09:00:00,,system,2014-12-01 09:00:00,system
02,2,100,東北,tohoku-fix-usage,/request,443,1,0,2014-12-01 09:00:00,,system,2014-12-01 09:00:00,system
03,3,100,東京,tokyo-fix-usage,/request,443,1,0,2014-12-01 09:00:00,,system,2014-12-01 09:00:00,system
04,4,100,中部,chubu-fix-usage,/request,443,1,0,2014-12-01 09:00:00,,system,2014-12-01 09:00:00,system
05,5,100,北陸,hokuriku-fix-usage,/request,443,1,0,2014-12-01 09:00:00,,system,2014-12-01 09:00:00,system
06,6,100,関西,kansai-fix-usage,/request,443,1,0,2014-12-01 09:00:00,,system,2014-12-01 09:00:00,system
07,7,100,中国,chugoku-fix-usage,/request,443,1,0,2014-12-01 09:00:00,,system,2014-12-01 09:00:00,system
08,8,100,四国,shikoku-fix-usage,/request,443,1,0,2014-12-01 09:00:00,,system,2014-12-01 09:00:00,system
09,9,100,九州,kyushu-fix-usage,/request,443,1,0,2014-12-01 09:00:00,,system,2014-12-01 09:00:00,system
10,0,100,沖縄,okinawa-fix-usage,/request,443,1,0,2014-12-01 09:00:00,,system,2014-12-01 09:00:00,system
