bl_cat_code,bl_cat_name,bl_cat_abbreviated_name,update_count,create_time,online_update_time,online_update_user_id,update_time,update_module_code
1,クレジットカード払い,クレカ,0,2014-12-01 09:00:00,,system,2014-12-01 09:00:00,system
2,口座振替,口座振替,0,2014-12-01 09:00:00,,system,2014-12-01 09:00:00,system
3,コンビニ払い,コンビニ,0,2014-12-01 09:00:00,,system,2014-12-01 09:00:00,system
4,振込用請求書,振込,0,2014-12-01 09:00:00,,system,2014-12-01 09:00:00,system
5,債権回収依頼,債権回収,0,2014-12-01 09:00:00,,system,2014-12-01 09:00:00,system
9,卸／取次事業者,卸／取次,0,2014-12-01 09:00:00,,system,2014-12-01 09:00:00,system
