bl_status_code,bl_status,bl_status_abbreviated_name,update_count,create_time,online_update_time,online_update_user_id,update_time,update_module_code
1,請求中,請求中,0,2014-12-01 09:00:00,,system,2014-12-01 09:00:00,system
2,未収,未収,0,2014-12-01 09:00:00,,system,2014-12-01 09:00:00,system
3,仮消込（速報）,速報,0,2014-12-01 09:00:00,,system,2014-12-01 09:00:00,system
4,仮消込（不足収納）,不足収納,0,2014-12-01 09:00:00,,system,2014-12-01 09:00:00,system
5,消込済,消込済,0,2014-12-01 09:00:00,,system,2014-12-01 09:00:00,system
6,特別消込,特別消込,0,2014-12-01 09:00:00,,system,2014-12-01 09:00:00,system
9,無効,無効,0,2014-12-01 09:00:00,,system,2014-12-01 09:00:00,system
