contract_id,use_period,meter_cat_code,in_calculation_usage,fix_in_usage_diff_flag,update_count,create_time,online_update_time,online_update_user_id,update_time,update_module_code
65,202110,1,351.00,0,0,2022-02-14 20:40:49.288,,,2022-02-14 20:40:49.288,RK010301_ChargeCalculateBatch
66,202110,1,352.00,0,0,2022-02-14 20:40:49.399,,,2022-02-14 20:40:49.399,RK010301_ChargeCalculateBatch
67,202110,1,353.00,0,0,2022-02-14 20:40:49.45,,,2022-02-14 20:40:49.45,RK010301_ChargeCalculateBatch
68,202110,1,354.00,0,0,2022-02-14 20:40:49.517,,,2022-02-14 20:40:49.517,RK010301_ChargeCalculateBatch
69,202110,1,355.00,0,0,2022-02-14 20:40:49.586,,,2022-02-14 20:40:49.586,RK010301_ChargeCalculateBatch
70,202110,1,356.00,0,0,2022-02-14 20:40:49.651,,,2022-02-14 20:40:49.651,RK010301_ChargeCalculateBatch
71,202110,1,357.00,0,0,2022-02-14 20:40:49.718,,,2022-02-14 20:40:49.718,RK010301_ChargeCalculateBatch
72,202110,1,358.00,0,0,2022-02-14 20:40:49.786,,,2022-02-14 20:40:49.786,RK010301_ChargeCalculateBatch
73,202110,1,359.00,0,0,2022-02-14 20:40:49.857,,,2022-02-14 20:40:49.857,RK010301_ChargeCalculateBatch
74,202110,1,360.00,0,0,2022-02-14 20:40:49.924,,,2022-02-14 20:40:49.924,RK010301_ChargeCalculateBatch
