cd_way_code,cd_way,update_count,create_time,online_update_time,online_update_user_id,update_time,update_module_code
0,負荷設備契約,0,2014-12-01 09:00:00,,system,2014-12-01 09:00:00,system
1,主開閉器契約,0,2014-12-01 09:00:00,,system,2014-12-01 09:00:00,system
2,アンペアブレーカ契約,0,2014-12-01 09:00:00,,system,2014-12-01 09:00:00,system
3,実量契約,0,2014-12-01 09:00:00,,system,2014-12-01 09:00:00,system
4,システム管理対象外,0,2014-12-01 09:00:00,,system,2014-12-01 09:00:00,system
