contract_end_reason_code,contract_end_reason,mr_reason_code,update_count,create_time,online_update_time,online_update_user_id,update_time,update_module_code
1,廃止（スイッチング）,2,0,2014-12-01 09:00:00,,system,2014-12-01 09:00:00,system
2,廃止（転居）,2,0,2014-12-01 09:00:00,,system,2014-12-01 09:00:00,system
3,廃止（利用停止）,2,0,2014-12-01 09:00:00,,system,2014-12-01 09:00:00,system
6,解約（未収）,3,0,2014-12-01 09:00:00,,system,2014-12-01 09:00:00,system
7,解約（破産）,3,0,2014-12-01 09:00:00,,system,2014-12-01 09:00:00,system
8,解約（契約不履行）,3,0,2014-12-01 09:00:00,,system,2014-12-01 09:00:00,system
