consignment_menu_id,consignment_menu_name,area_code,css_cat_code,mmc_flag,update_count,create_time,online_update_time,online_update_user_id,update_time,update_module_code
01120,二部料金制電灯標準（アンペア：北海道）最低月額なし,01,11210,0,0,2019-10-23 07:01:20.292,,system,2019-10-23 07:01:20.292,system
01121,二部料金制電灯標準（アンペア：北海道）最低月額あり,01,11210,1,0,2019-10-23 07:01:20.292,,system,2019-10-23 07:01:20.292,system
01130,二部料金制電灯標準（kVA：北海道）最低月額なし,01,11210,0,0,2019-10-23 07:01:20.292,,system,2019-10-23 07:01:20.292,system
01131,二部料金制電灯標準（kVA：北海道）最低月額あり,01,11210,1,0,2019-10-23 07:01:20.292,,system,2019-10-23 07:01:20.292,system
01210,二部料金制動力標準（北海道）最低月額なし,01,21210,0,0,2019-10-23 07:01:20.292,,system,2019-10-23 07:01:20.292,system
01211,二部料金制動力標準（北海道）最低月額あり,01,21210,1,0,2019-10-23 07:01:20.292,,system,2019-10-23 07:01:20.292,system
01220,高圧一般(掛率)用託送メニュー,01,21210,0,0,2019-10-23 07:01:20.292,,system,2019-10-23 07:01:20.292,system
01221,高圧一般(単価)用託送メニュー,01,21210,0,0,2019-10-23 07:01:20.292,,system,2019-10-23 07:01:20.292,system
01230,高圧季時別(掛率)用託送メニュー,01,21210,0,0,2019-10-23 07:01:20.292,,system,2019-10-23 07:01:20.292,system
01231,高圧季時別(単価)用託送メニュー,01,21210,0,0,2019-10-23 07:01:20.292,,system,2019-10-23 07:01:20.292,system
01240,高圧休日(掛率)用託送メニュー,01,21210,0,0,2019-10-23 07:01:20.292,,system,2019-10-23 07:01:20.292,system
01241,高圧休日(単価)用託送メニュー,01,21210,0,0,2019-10-23 07:01:20.292,,system,2019-10-23 07:01:20.292,system
01250,特別高圧一般(掛率)用託送メニュー,01,21210,0,0,2019-10-23 07:01:20.292,,system,2019-10-23 07:01:20.292,system
01251,特別高圧一般(単価)用託送メニュー,01,21210,0,0,2019-10-23 07:01:20.292,,system,2019-10-23 07:01:20.292,system
01260,特別高圧季時別(掛率)用託送メニュー,01,21210,0,0,2019-10-23 07:01:20.292,,system,2019-10-23 07:01:20.292,system
01261,特別高圧季時別(単価)用託送メニュー,01,21210,0,0,2019-10-23 07:01:20.292,,system,2019-10-23 07:01:20.292,system
01270,特別高圧休日(掛率)用託送メニュー,01,21210,0,0,2019-10-23 07:01:20.292,,system,2019-10-23 07:01:20.292,system
01271,特別高圧休日(単価)用託送メニュー,01,21210,0,0,2019-10-23 07:01:20.292,,system,2019-10-23 07:01:20.292,system
01910,発電用託送メニュー,01,21210,0,0,2019-10-23 07:01:20.292,,system,2019-10-23 07:01:20.292,system
02120,二部料金制電灯標準（アンペア：東北）最低月額なし,02,11210,0,0,2019-10-23 07:01:20.292,,system,2019-10-23 07:01:20.292,system
02121,二部料金制電灯標準（アンペア：東北）最低月額あり,02,11210,1,0,2019-10-23 07:01:20.292,,system,2019-10-23 07:01:20.292,system
02130,二部料金制電灯標準（kVA：東北）最低月額なし,02,11210,0,0,2019-10-23 07:01:20.292,,system,2019-10-23 07:01:20.292,system
02131,二部料金制電灯標準（kVA：東北）最低月額あり,02,11210,1,0,2019-10-23 07:01:20.292,,system,2019-10-23 07:01:20.292,system
02210,二部料金制動力標準（東北）最低月額なし,02,21210,0,0,2019-10-23 07:01:20.292,,system,2019-10-23 07:01:20.292,system
02211,二部料金制動力標準（東北）最低月額あり,02,21210,1,0,2019-10-23 07:01:20.292,,system,2019-10-23 07:01:20.292,system
03120,二部料金制電灯標準（アンペア：東京）最低月額なし,03,11210,0,0,2019-10-23 07:01:20.292,,system,2019-10-23 07:01:20.292,system
03121,二部料金制電灯標準（アンペア：東京）最低月額あり,03,11210,1,0,2019-10-23 07:01:20.292,,system,2019-10-23 07:01:20.292,system
03130,二部料金制電灯標準（kVA：東京）最低月額なし,03,11210,0,0,2019-10-23 07:01:20.292,,system,2019-10-23 07:01:20.292,system
03131,二部料金制電灯標準（kVA：東京）最低月額あり,03,11210,1,0,2019-10-23 07:01:20.292,,system,2019-10-23 07:01:20.292,system
03210,二部料金制動力標準（東京）最低月額なし,03,21210,0,0,2019-10-23 07:01:20.292,,system,2019-10-23 07:01:20.292,system
03211,二部料金制動力標準（東京）最低月額あり,03,21210,1,0,2019-10-23 07:01:20.292,,system,2019-10-23 07:01:20.292,system
03910,発電用託送メニュー,01,21210,0,0,2019-10-23 07:01:20.292,,system,2019-10-23 07:01:20.292,system
04120,二部料金制電灯標準（アンペア：中部）最低月額なし,04,11210,0,0,2019-10-23 07:01:20.292,,system,2019-10-23 07:01:20.292,system
04121,二部料金制電灯標準（アンペア：中部）最低月額あり,04,11210,1,0,2019-10-23 07:01:20.292,,system,2019-10-23 07:01:20.292,system
04130,二部料金制電灯標準（kVA：中部）最低月額なし,04,11210,0,0,2019-10-23 07:01:20.292,,system,2019-10-23 07:01:20.292,system
04131,二部料金制電灯標準（kVA：中部）最低月額あり,04,11210,1,0,2019-10-23 07:01:20.292,,system,2019-10-23 07:01:20.292,system
04210,二部料金制動力標準（中部）最低月額なし,04,21210,0,0,2019-10-23 07:01:20.292,,system,2019-10-23 07:01:20.292,system
04211,二部料金制動力標準（中部）最低月額あり,04,21210,1,0,2019-10-23 07:01:20.292,,system,2019-10-23 07:01:20.292,system
05120,二部料金制電灯標準（アンペア：北陸）最低月額なし,05,11210,0,0,2019-10-23 07:01:20.292,,system,2019-10-23 07:01:20.292,system
05121,二部料金制電灯標準（アンペア：北陸）最低月額あり,05,11210,1,0,2019-10-23 07:01:20.292,,system,2019-10-23 07:01:20.292,system
05130,二部料金制電灯標準（kVA：北陸）最低月額なし,05,11210,0,0,2019-10-23 07:01:20.292,,system,2019-10-23 07:01:20.292,system
05131,二部料金制電灯標準（kVA：北陸）最低月額あり,05,11210,1,0,2019-10-23 07:01:20.292,,system,2019-10-23 07:01:20.292,system
05210,二部料金制動力標準（北陸）最低月額なし,05,21210,0,0,2019-10-23 07:01:20.292,,system,2019-10-23 07:01:20.292,system
05211,二部料金制動力標準（北陸）最低月額あり,05,21210,1,0,2019-10-23 07:01:20.292,,system,2019-10-23 07:01:20.292,system
05910,北陸発電用託送メニュー,05,21210,0,0,2019-10-23 07:01:20.292,,system,2019-10-23 07:01:20.292,system
06111,最低料金制電灯標準（関西）,06,11210,0,0,2019-10-23 07:01:20.292,,system,2019-10-23 07:01:20.292,system
06121,二部料金制電灯標準（アンペア：関西）最低月額あり,06,11210,1,0,2019-10-23 07:01:20.292,,system,2019-10-23 07:01:20.292,system
06130,二部料金制電灯標準（kVA：関西）最低月額なし,06,11210,0,0,2019-10-23 07:01:20.292,,system,2019-10-23 07:01:20.292,system
06131,二部料金制電灯標準（kVA：関西）最低月額あり,06,11210,1,0,2019-10-23 07:01:20.292,,system,2019-10-23 07:01:20.292,system
06210,二部料金制動力標準（関西）最低月額なし,06,21210,0,0,2019-10-23 07:01:20.292,,system,2019-10-23 07:01:20.292,system
06211,二部料金制動力標準（関西）最低月額あり,06,21210,1,0,2019-10-23 07:01:20.292,,system,2019-10-23 07:01:20.292,system
07111,最低料金制電灯標準（中国）,07,11210,0,0,2019-10-23 07:01:20.292,,system,2019-10-23 07:01:20.292,system
07121,二部料金制電灯標準（アンペア：中国）最低月額あり,07,11210,1,0,2019-10-23 07:01:20.292,,system,2019-10-23 07:01:20.292,system
07130,二部料金制電灯標準（kVA：中国）最低月額なし,07,11210,0,0,2019-10-23 07:01:20.292,,system,2019-10-23 07:01:20.292,system
07131,二部料金制電灯標準（kVA：中国）最低月額あり,07,11210,1,0,2019-10-23 07:01:20.292,,system,2019-10-23 07:01:20.292,system
07210,二部料金制動力標準（中国）最低月額なし,07,21210,0,0,2019-10-23 07:01:20.292,,system,2019-10-23 07:01:20.292,system
07211,二部料金制動力標準（中国）最低月額あり,07,21210,1,0,2019-10-23 07:01:20.292,,system,2019-10-23 07:01:20.292,system
07910,中国発電用託送メニュー,07,21210,0,0,2019-10-23 07:01:20.292,,system,2019-10-23 07:01:20.292,system
08111,最低料金制電灯標準（四国）,08,11210,0,0,2019-10-23 07:01:20.292,,system,2019-10-23 07:01:20.292,system
08121,二部料金制電灯標準（アンペア：四国）最低月額あり,08,11210,1,0,2019-10-23 07:01:20.292,,system,2019-10-23 07:01:20.292,system
08130,二部料金制電灯標準（kVA：四国）最低月額なし,08,11210,0,0,2019-10-23 07:01:20.292,,system,2019-10-23 07:01:20.292,system
08131,二部料金制電灯標準（kVA：四国）最低月額あり,08,11210,1,0,2019-10-23 07:01:20.292,,system,2019-10-23 07:01:20.292,system
08210,二部料金制動力標準（四国）最低月額なし,08,21210,0,0,2019-10-23 07:01:20.292,,system,2019-10-23 07:01:20.292,system
08211,二部料金制動力標準（四国）最低月額あり,08,21210,1,0,2019-10-23 07:01:20.292,,system,2019-10-23 07:01:20.292,system
09120,二部料金制電灯標準（アンペア：九州）最低月額なし,09,11210,0,0,2019-10-23 07:01:20.292,,system,2019-10-23 07:01:20.292,system
09121,二部料金制電灯標準（アンペア：九州）最低月額あり,09,11210,1,0,2019-10-23 07:01:20.292,,system,2019-10-23 07:01:20.292,system
09130,二部料金制電灯標準（kVA：九州）最低月額なし,09,11210,0,0,2019-10-23 07:01:20.292,,system,2019-10-23 07:01:20.292,system
09131,二部料金制電灯標準（kVA：九州）最低月額あり,09,11210,1,0,2019-10-23 07:01:20.292,,system,2019-10-23 07:01:20.292,system
09210,二部料金制動力標準（九州）最低月額なし,09,21210,0,0,2019-10-23 07:01:20.292,,system,2019-10-23 07:01:20.292,system
09211,二部料金制動力標準（九州）最低月額あり,09,21210,1,0,2019-10-23 07:01:20.292,,system,2019-10-23 07:01:20.292,system
