css_cat_code,css_cat_name,update_count,create_time,online_update_time,online_update_user_id,update_time,update_module_code
11110,電灯定額接続送電サービス,0,2014-12-01 09:00:00,,system,2014-12-01 09:00:00,system
11210,電灯標準接続送電サービス,0,2014-12-01 09:00:00,,system,2014-12-01 09:00:00,system
11220,電灯時間帯別接続送電サービス,0,2014-12-01 09:00:00,,system,2014-12-01 09:00:00,system
12110,電灯臨時定額接続送電サービス,0,2014-12-01 09:00:00,,system,2014-12-01 09:00:00,system
12210,電灯臨時接続送電サービス,0,2014-12-01 09:00:00,,system,2014-12-01 09:00:00,system
21210,動力標準接続送電サービス,0,2014-12-01 09:00:00,,system,2014-12-01 09:00:00,system
21220,動力時間帯別接続送電サービス,0,2014-12-01 09:00:00,,system,2014-12-01 09:00:00,system
22110,動力臨時定額接続送電サービス,0,2014-12-01 09:00:00,,system,2014-12-01 09:00:00,system
22210,動力臨時接続送電サービス,0,2014-12-01 09:00:00,,system,2014-12-01 09:00:00,system
