dl_mng_id,file_create_time,ssys_id,function_id,file_cat_code,logical_file_name,file_path,dl_expiration_date,update_count,create_time,online_update_time,online_update_user_id,update_time,update_module_code
2,2020-03-27 17:00:51.447,SN,SN0106,01,料金実績一覧_Ａ社_2019年10月.csv,/Enability/tenant/Unisys05/internal/ecis/SN/SN0106/FSN0106-01_220000177_201910_20200327170051.csv,2021-12-02,0,2020-03-27 17:00:51.447,,,2020-03-27 17:00:51.447,SN010601_MonthlyCreateForWsAgOpCrgRsltListBatch
3,2020-03-27 17:00:51.475,SN,SN0106,02,料金実績内訳_Ａ社_2019年10月.csv,/Enability/tenant/Unisys05/internal/ecis/SN/SN0106/FSN0106-02_220000177_201910_20200327170051.csv,2021-12-02,0,2020-03-27 17:00:51.475,,,2020-03-27 17:00:51.475,SN010601_MonthlyCreateForWsAgOpCrgRsltListBatch
4,2020-03-27 17:00:51.494,SN,SN0106,03,料金実績一覧・内訳_Ａ社_2019年10月.zip,/Enability/tenant/Unisys05/internal/ecis/SN/SN0106/FSN0106-03_220000177_201910_20200327170051.zip,2021-12-02,0,2020-03-27 17:00:51.494,,,2020-03-27 17:00:51.494,SN010601_MonthlyCreateForWsAgOpCrgRsltListBatch
5,2020-03-27 17:00:51.723,SN,SN0106,01,料金実績一覧_Ｅ社_2019年10月.csv,/Enability/tenant/Unisys05/internal/ecis/SN/SN0106/FSN0106-01_320000177_201910_20200327170051.csv,2021-12-02,0,2020-03-27 17:00:51.723,,,2020-03-27 17:00:51.723,SN010601_MonthlyCreateForWsAgOpCrgRsltListBatch
6,2020-03-27 17:00:51.733,SN,SN0106,02,料金実績内訳_Ｅ社_2019年10月.csv,/Enability/tenant/Unisys05/internal/ecis/SN/SN0106/FSN0106-02_320000177_201910_20200327170051.csv,2021-12-02,0,2020-03-27 17:00:51.733,,,2020-03-27 17:00:51.733,SN010601_MonthlyCreateForWsAgOpCrgRsltListBatch
7,2020-03-27 17:00:51.743,SN,SN0106,03,料金実績一覧・内訳_Ｅ社_2019年10月.zip,/Enability/tenant/Unisys05/internal/ecis/SN/SN0106/FSN0106-03_320000177_201910_20200327170051.zip,2021-12-02,0,2020-03-27 17:00:51.743,,,2020-03-27 17:00:51.743,SN010601_MonthlyCreateForWsAgOpCrgRsltListBatch
8,2020-03-27 18:10:21.649,SN,SN0601,11,貸倒明細書_2019年11月.csv,/Enability/tenant/Unisys05/internal/ecis/SN/SN0601/FSN0601-07_201911_20200327181021.csv,2021-12-02,0,2020-03-27 18:10:21.649,,,2020-03-27 18:10:21.649,SN060111_CreateClmAsgnUnclctDetailBatch
9,2020-03-27 18:10:21.726,SN,SN0601,10,債権譲渡明細書_2019年11月.csv,/Enability/tenant/Unisys05/internal/ecis/SN/SN0601/FSN0601-06_201911_20200327181021.csv,2021-12-02,0,2020-03-27 18:10:21.726,,,2020-03-27 18:10:21.726,SN060111_CreateClmAsgnUnclctDetailBatch
10,2020-03-27 18:10:48.596,SN,SN0601,09,経理データ（前月残高）_2019年11月10日.csv,/Enability/tenant/Unisys05/internal/ecis/SN/SN0601/FSN0601-05_20191110_20200327181048.csv,2021-12-02,0,2020-03-27 18:10:48.596,,,2020-03-27 18:10:48.596,SN060105_CreateAccountingDataPreMonBalBatch
11,2020-03-27 18:13:01.089,SN,SN0601,05,経理データ（料金実績）_2019年11月10日.csv,/Enability/tenant/Unisys05/internal/ecis/SN/SN0601/FSN0601-01_20191110_20200327181301.csv,2021-12-02,0,2020-03-27 18:13:01.089,,,2020-03-27 18:13:01.089,SN060101_CreateAccountingDataChargeResultBatch
12,2020-03-27 18:13:27.548,SN,SN0601,06,経理データ（入金）_2019年11月10日.csv,/Enability/tenant/Unisys05/internal/ecis/SN/SN0601/FSN0601-02_20191110_20200327181327.csv,2021-12-02,0,2020-03-27 18:13:27.548,,,2020-03-27 18:13:27.548,SN060102_CreateAccountingDataDepositBatch
13,2020-03-27 18:13:54.735,SN,SN0601,07,経理データ（債権譲渡・破産等債権）_2019年11月10日.csv,/Enability/tenant/Unisys05/internal/ecis/SN/SN0601/FSN0601-03_20191110_20200327181354.csv,2021-12-02,0,2020-03-27 18:13:54.735,,,2020-03-27 18:13:54.735,SN060103_CreateAccountingDataClmAsgnBanClmBatch
14,2020-03-27 18:14:22.255,SN,SN0601,08,経理データ（預り金等）_2019年11月10日.csv,/Enability/tenant/Unisys05/internal/ecis/SN/SN0601/FSN0601-04_20191110_20200327181422.csv,2021-12-02,0,2020-03-27 18:14:22.255,,,2020-03-27 18:14:22.255,SN060104_CreateAccountingDataDepRecBatch
15,2020-03-30 19:25:32.474,SN,SN0601,11,貸倒明細書_2019年11月.csv,/Enability/tenant/Unisys05/internal/ecis/SN/SN0601/FSN0601-07_201911_20200330192532.csv,2021-12-02,0,2020-03-30 19:25:32.474,,,2020-03-30 19:25:32.474,SN060111_CreateClmAsgnUnclctDetailBatch
16,2020-03-30 19:25:32.544,SN,SN0601,10,債権譲渡明細書_2019年11月.csv,/Enability/tenant/Unisys05/internal/ecis/SN/SN0601/FSN0601-06_201911_20200330192532.csv,2021-12-02,0,2020-03-30 19:25:32.544,,,2020-03-30 19:25:32.544,SN060111_CreateClmAsgnUnclctDetailBatch
17,2020-03-30 19:25:57.844,SN,SN0601,09,経理データ（前月残高）_2019年11月10日.csv,/Enability/tenant/Unisys05/internal/ecis/SN/SN0601/FSN0601-05_20191110_20200330192557.csv,2021-12-02,0,2020-03-30 19:25:57.844,,,2020-03-30 19:25:57.844,SN060105_CreateAccountingDataPreMonBalBatch
18,2020-03-30 19:28:21.371,SN,SN0601,05,経理データ（料金実績）_2019年11月10日.csv,/Enability/tenant/Unisys05/internal/ecis/SN/SN0601/FSN0601-01_20191110_20200330192821.csv,2021-12-02,0,2020-03-30 19:28:21.371,,,2020-03-30 19:28:21.371,SN060101_CreateAccountingDataChargeResultBatch
19,2020-03-30 19:28:56.075,SN,SN0601,06,経理データ（入金）_2019年11月10日.csv,/Enability/tenant/Unisys05/internal/ecis/SN/SN0601/FSN0601-02_20191110_20200330192856.csv,2021-12-02,0,2020-03-30 19:28:56.075,,,2020-03-30 19:28:56.075,SN060102_CreateAccountingDataDepositBatch
20,2020-03-30 19:29:22.715,SN,SN0601,07,経理データ（債権譲渡・破産等債権）_2019年11月10日.csv,/Enability/tenant/Unisys05/internal/ecis/SN/SN0601/FSN0601-03_20191110_20200330192922.csv,2021-12-02,0,2020-03-30 19:29:22.715,,,2020-03-30 19:29:22.715,SN060103_CreateAccountingDataClmAsgnBanClmBatch
21,2020-03-30 19:29:48.914,SN,SN0601,08,経理データ（預り金等）_2019年11月10日.csv,/Enability/tenant/Unisys05/internal/ecis/SN/SN0601/FSN0601-04_20191110_20200330192948.csv,2021-12-02,0,2020-03-30 19:29:48.914,,,2020-03-30 19:29:48.914,SN060104_CreateAccountingDataDepRecBatch
