fcr_breakdown_cat_code,fcr_breakdown_cat_name,update_count,create_time,online_update_time,online_update_user_id,update_time,update_module_code
101,基本料金,0,2014-12-01 09:00:00,,system,2014-12-01 09:00:00,system
102,最低料金,0,2014-12-01 09:00:00,,system,2014-12-01 09:00:00,system
103,基本料金(予備線),0,2014-12-01 09:00:00,,system,2014-12-01 09:00:00,system
104,基本料金(予備電源),0,2014-12-01 09:00:00,,system,2014-12-01 09:00:00,system
201,従量料金,0,2014-12-01 09:00:00,,system,2014-12-01 09:00:00,system
202,燃料費調整額,0,2014-12-01 09:00:00,,system,2014-12-01 09:00:00,system
301,最低金額適用前付帯金額,0,2014-12-01 09:00:00,,system,2014-12-01 09:00:00,system
302,最低金額適用後付帯金額,0,2014-12-01 09:00:00,,system,2014-12-01 09:00:00,system
401,最低月額料金,0,2014-12-01 09:00:00,,system,2014-12-01 09:00:00,system
501,再エネ賦課金,0,2014-12-01 09:00:00,,system,2014-12-01 09:00:00,system
801,制限中止割引額,0,2014-12-01 09:00:00,,system,2014-12-01 09:00:00,system
901,電気料金補正額,0,2014-12-01 09:00:00,,system,2014-12-01 09:00:00,system
902,再エネ賦課金補正額,0,2014-12-01 09:00:00,,system,2014-12-01 09:00:00,system
903,契約超過金,0,2014-12-01 09:00:00,,system,2014-12-01 09:00:00,system
