fcr_id,display_order,detail_output_order,display_name_1,display_name_2,capacity_or_usage,up,amount,spl_contract_id,spl_rate,spl_covered_cat_code,fcr_breakdown_cat_code,restriction_discount_info_id,update_count,create_time,online_update_time,online_update_user_id,update_time,update_module_code
2,1,1,基本料金,"",510.00,1269.00,668763.00,,,,101,,1,2020-03-27 13:27:02.815,2020-03-27 16:19:26.211,rk_01_sysmng,2020-03-27 16:19:26.211,RK010601_ChargeCalculateResultCorrectAction
2,1,2,予備契約基本料金,予備線基本料金,,65.88,680.76,,,,103,,1,2020-03-27 13:27:02.815,2020-03-27 16:19:26.211,rk_01_sysmng,2020-03-27 16:19:26.211,RK010601_ChargeCalculateResultCorrectAction
2,2,1,電力量料金,夏季,0.00,17.05,0.00,,,,201,,1,2020-03-27 13:27:02.815,2020-03-27 16:19:26.211,rk_01_sysmng,2020-03-27 16:19:26.211,RK010601_ChargeCalculateResultCorrectAction
2,2,2,電力量料金,その他季,877.00,15.94,13979.38,,,,201,,1,2020-03-27 13:27:02.815,2020-03-27 16:19:26.211,rk_01_sysmng,2020-03-27 16:19:26.211,RK010601_ChargeCalculateResultCorrectAction
2,2,3,電力量料金,燃料費調整額,877.00,-3.28,-2876.56,,,,202,,1,2020-03-27 13:27:02.815,2020-03-27 16:19:26.211,rk_01_sysmng,2020-03-27 16:19:26.211,RK010601_ChargeCalculateResultCorrectAction
2,6,1,再エネ発電賦課金等,,877.00,3.20,2806.00,,,,501,,1,2020-03-27 13:27:02.815,2020-03-27 16:19:26.211,rk_01_sysmng,2020-03-27 16:19:26.211,RK010601_ChargeCalculateResultCorrectAction
3,1,1,基本料金,"",550.00,1269.00,721215.00,,,,101,,0,2020-03-27 13:27:03.058,,,2020-03-27 13:27:03.058,RK010303_ChargeCalculateBatch
3,2,1,電力量料金,夏季,0.00,17.05,0.00,,,,201,,0,2020-03-27 13:27:03.058,,,2020-03-27 13:27:03.058,RK010303_ChargeCalculateBatch
3,2,2,電力量料金,その他季,1747.00,15.94,27847.18,,,,201,,0,2020-03-27 13:27:03.058,,,2020-03-27 13:27:03.058,RK010303_ChargeCalculateBatch
3,2,3,電力量料金,燃料費調整額,1747.00,-3.28,-5730.16,,,,202,,0,2020-03-27 13:27:03.058,,,2020-03-27 13:27:03.058,RK010303_ChargeCalculateBatch
3,6,1,再エネ発電賦課金等,,1747.00,3.20,5590.00,,,,501,,0,2020-03-27 13:27:03.058,,,2020-03-27 13:27:03.058,RK010303_ChargeCalculateBatch
4,1,1,基本料金,"",100.00,1269.00,126900.00,,,,101,,0,2020-03-27 14:44:36.917,2020-03-27 14:44:36.917,kj_01_sysmng,2020-03-27 14:44:36.917,RK010601_ChargeCalculateResultCorrectAction
4,1,3,予備契約基本料金,予備電源基本料金,,109.08,10908.00,,,,104,,0,2020-03-27 14:44:36.917,2020-03-27 14:44:36.917,kj_01_sysmng,2020-03-27 14:44:36.917,RK010601_ChargeCalculateResultCorrectAction
4,2,1,電力量料金,夏季,0.00,17.05,0.00,,,,201,,0,2020-03-27 14:44:36.917,2020-03-27 14:44:36.917,kj_01_sysmng,2020-03-27 14:44:36.917,RK010601_ChargeCalculateResultCorrectAction
4,2,2,電力量料金,その他季,1690.00,15.94,26938.60,,,,201,,0,2020-03-27 14:44:36.917,2020-03-27 14:44:36.917,kj_01_sysmng,2020-03-27 14:44:36.917,RK010601_ChargeCalculateResultCorrectAction
4,2,3,電力量料金,燃料費調整額,1690.00,-3.28,-5543.20,,,,202,,0,2020-03-27 14:44:36.917,2020-03-27 14:44:36.917,kj_01_sysmng,2020-03-27 14:44:36.917,RK010601_ChargeCalculateResultCorrectAction
4,6,1,再エネ発電賦課金等,,1690.00,3.20,5408.00,,,,501,,0,2020-03-27 14:44:36.917,2020-03-27 14:44:36.917,kj_01_sysmng,2020-03-27 14:44:36.917,RK010601_ChargeCalculateResultCorrectAction
4,8,1,制限中止割引額,主契約制限中止割引（10月分）,,,-25380.00,,,,801,,0,2020-03-27 14:44:36.917,2020-03-27 14:44:36.917,kj_01_sysmng,2020-03-27 14:44:36.917,RK010601_ChargeCalculateResultCorrectAction
5,1,1,基本料金,"",100.00,1269.00,131130.00,,,,101,,0,2020-03-27 14:37:16.75,2020-03-27 14:37:16.75,kj_01_sysmng,2020-03-27 14:37:16.75,RK010601_ChargeCalculateResultCorrectAction
5,1,2,予備契約基本料金,予備線基本料金,,65.88,680.76,,,,103,,0,2020-03-27 14:37:16.75,2020-03-27 14:37:16.75,kj_01_sysmng,2020-03-27 14:37:16.75,RK010601_ChargeCalculateResultCorrectAction
5,2,1,電力量料金,夏季,0.00,17.05,0.00,,,,201,,0,2020-03-27 14:37:16.75,2020-03-27 14:37:16.75,kj_01_sysmng,2020-03-27 14:37:16.75,RK010601_ChargeCalculateResultCorrectAction
5,2,2,電力量料金,その他季,1747.00,15.94,27847.18,,,,201,,0,2020-03-27 14:37:16.75,2020-03-27 14:37:16.75,kj_01_sysmng,2020-03-27 14:37:16.75,RK010601_ChargeCalculateResultCorrectAction
5,2,3,電力量料金,燃料費調整額,1747.00,-3.28,-5730.16,,,,202,,0,2020-03-27 14:37:16.75,2020-03-27 14:37:16.75,kj_01_sysmng,2020-03-27 14:37:16.75,RK010601_ChargeCalculateResultCorrectAction
5,6,1,再エネ発電賦課金等,,1747.00,3.20,5590.00,,,,501,,0,2020-03-27 14:37:16.75,2020-03-27 14:37:16.75,kj_01_sysmng,2020-03-27 14:37:16.75,RK010601_ChargeCalculateResultCorrectAction
5,8,1,制限中止割引額,主契約制限中止割引（10月分）,,,-50760.00,,,,801,,0,2020-03-27 14:37:16.75,2020-03-27 14:37:16.75,kj_01_sysmng,2020-03-27 14:37:16.75,RK010601_ChargeCalculateResultCorrectAction
6,1,1,基本料金（30Ａ）,"",30.00,874.80,874.80,,,,101,,0,2020-03-27 13:27:03.684,,,2020-03-27 13:27:03.684,RK010303_ChargeCalculateBatch
6,2,1,電力量料金,第1段階(1～120kWh),120.00,17.13,2055.60,,,,201,,0,2020-03-27 13:27:03.684,,,2020-03-27 13:27:03.684,RK010303_ChargeCalculateBatch
6,2,2,電力量料金,第2段階(121～280kWh),139.00,22.63,3145.57,,,,201,,0,2020-03-27 13:27:03.684,,,2020-03-27 13:27:03.684,RK010303_ChargeCalculateBatch
6,2,4,電力量料金,燃料費調整額,259.00,-3.28,-849.52,,,,202,,0,2020-03-27 13:27:03.684,,,2020-03-27 13:27:03.684,RK010303_ChargeCalculateBatch
6,6,1,再生可能エネルギー発電促進賦課金,,259.00,3.14,813.00,,,,501,,0,2020-03-27 13:27:03.684,,,2020-03-27 13:27:03.684,RK010303_ChargeCalculateBatch
7,1,1,基本料金,"",100.00,1269.00,126900.00,,,,101,,1,2020-03-27 13:27:03.795,2020-03-27 16:10:53.42,rk_01_sysmng,2020-03-27 16:10:53.42,RK010601_ChargeCalculateResultCorrectAction
7,1,2,予備契約基本料金,予備線基本料金,,65.88,6588.00,,,,103,,1,2020-03-27 13:27:03.795,2020-03-27 16:10:53.42,rk_01_sysmng,2020-03-27 16:10:53.42,RK010601_ChargeCalculateResultCorrectAction
7,2,1,電力量料金,夏季,0.00,17.05,0.00,,,,201,,1,2020-03-27 13:27:03.795,2020-03-27 16:10:53.42,rk_01_sysmng,2020-03-27 16:10:53.42,RK010601_ChargeCalculateResultCorrectAction
7,2,2,電力量料金,その他季,1747.00,15.94,27847.18,,,,201,,1,2020-03-27 13:27:03.795,2020-03-27 16:10:53.42,rk_01_sysmng,2020-03-27 16:10:53.42,RK010601_ChargeCalculateResultCorrectAction
7,2,3,電力量料金,燃料費調整額,1747.00,-3.28,-5730.16,,,,202,,1,2020-03-27 13:27:03.795,2020-03-27 16:10:53.42,rk_01_sysmng,2020-03-27 16:10:53.42,RK010601_ChargeCalculateResultCorrectAction
7,6,1,再エネ発電賦課金等,,1747.00,3.20,5590.00,,,,501,,1,2020-03-27 13:27:03.795,2020-03-27 16:10:53.42,rk_01_sysmng,2020-03-27 16:10:53.42,RK010601_ChargeCalculateResultCorrectAction
8,1,1,基本料金,"",100.00,1269.00,126900.00,,,,101,,1,2020-03-27 13:27:03.942,2020-03-27 16:11:10.486,rk_01_sysmng,2020-03-27 16:11:10.486,RK010601_ChargeCalculateResultCorrectAction
8,2,1,電力量料金,夏季,0.00,17.05,0.00,,,,201,,1,2020-03-27 13:27:03.942,2020-03-27 16:11:10.486,rk_01_sysmng,2020-03-27 16:11:10.486,RK010601_ChargeCalculateResultCorrectAction
8,2,2,電力量料金,その他季,877.00,15.94,13979.38,,,,201,,1,2020-03-27 13:27:03.942,2020-03-27 16:11:10.486,rk_01_sysmng,2020-03-27 16:11:10.486,RK010601_ChargeCalculateResultCorrectAction
8,2,3,電力量料金,燃料費調整額,877.00,-3.28,-2876.56,,,,202,,1,2020-03-27 13:27:03.942,2020-03-27 16:11:10.486,rk_01_sysmng,2020-03-27 16:11:10.486,RK010601_ChargeCalculateResultCorrectAction
8,6,1,再エネ発電賦課金等,,877.00,3.20,2806.00,,,,501,,1,2020-03-27 13:27:03.942,2020-03-27 16:11:10.486,rk_01_sysmng,2020-03-27 16:11:10.486,RK010601_ChargeCalculateResultCorrectAction
9,1,1,基本料金,"",2200.00,1576.80,3468960.00,,,,101,,0,2020-03-27 16:33:30.267,2020-03-27 16:33:30.267,rk_01_sysmng,2020-03-27 16:33:30.267,RK010601_ChargeCalculateResultCorrectAction
9,1,2,予備契約基本料金,予備線基本料金,,65.88,144936.00,,,,103,,0,2020-03-27 16:33:30.267,2020-03-27 16:33:30.267,rk_01_sysmng,2020-03-27 16:33:30.267,RK010601_ChargeCalculateResultCorrectAction
9,2,1,電力量料金,夏季,0.00,15.37,0.00,,,,201,,0,2020-03-27 16:33:30.267,2020-03-27 16:33:30.267,rk_01_sysmng,2020-03-27 16:33:30.267,RK010601_ChargeCalculateResultCorrectAction
22,1,1,基本料金,"",30.00,1263.60,37908.00,,,,101,,0,2020-03-27 13:27:05.834,,,2020-03-27 13:27:05.834,RK010303_ChargeCalculateBatch
9,2,2,電力量料金,その他季,1164.00,14.42,16784.88,,,,201,,0,2020-03-27 16:33:30.267,2020-03-27 16:33:30.267,rk_01_sysmng,2020-03-27 16:33:30.267,RK010601_ChargeCalculateResultCorrectAction
9,2,3,電力量料金,燃料費調整額,1164.00,-3.28,-3817.92,,,,202,,0,2020-03-27 16:33:30.267,2020-03-27 16:33:30.267,rk_01_sysmng,2020-03-27 16:33:30.267,RK010601_ChargeCalculateResultCorrectAction
9,6,1,再エネ発電賦課金等,,1164.00,3.20,3724.00,,,,501,,0,2020-03-27 16:33:30.267,2020-03-27 16:33:30.267,rk_01_sysmng,2020-03-27 16:33:30.267,RK010601_ChargeCalculateResultCorrectAction
10,1,1,基本料金,"",100.00,1269.00,126900.00,,,,101,,1,2020-03-27 13:27:04.253,2020-03-27 16:11:27.184,rk_01_sysmng,2020-03-27 16:11:27.184,RK010601_ChargeCalculateResultCorrectAction
10,2,1,電力量料金,夏季,0.00,17.05,0.00,,,,201,,1,2020-03-27 13:27:04.253,2020-03-27 16:11:27.184,rk_01_sysmng,2020-03-27 16:11:27.184,RK010601_ChargeCalculateResultCorrectAction
10,2,2,電力量料金,その他季,1164.00,15.94,18554.16,,,,201,,1,2020-03-27 13:27:04.253,2020-03-27 16:11:27.184,rk_01_sysmng,2020-03-27 16:11:27.184,RK010601_ChargeCalculateResultCorrectAction
10,2,3,電力量料金,燃料費調整額,1164.00,-3.28,-3817.92,,,,202,,1,2020-03-27 13:27:04.253,2020-03-27 16:11:27.184,rk_01_sysmng,2020-03-27 16:11:27.184,RK010601_ChargeCalculateResultCorrectAction
10,6,1,再エネ発電賦課金等,,1164.00,3.20,3724.00,,,,501,,1,2020-03-27 13:27:04.253,2020-03-27 16:11:27.184,rk_01_sysmng,2020-03-27 16:11:27.184,RK010601_ChargeCalculateResultCorrectAction
11,1,1,基本料金,"",21.00,334.80,7030.80,,,,101,,0,2020-03-27 13:27:04.384,,,2020-03-27 13:27:04.384,RK010303_ChargeCalculateBatch
11,2,1,電力量料金,１段料金,120.00,23.54,2824.80,,,,201,,0,2020-03-27 13:27:04.384,,,2020-03-27 13:27:04.384,RK010303_ChargeCalculateBatch
11,2,2,電力量料金,２段料金,139.00,29.72,4131.08,,,,201,,0,2020-03-27 13:27:04.384,,,2020-03-27 13:27:04.384,RK010303_ChargeCalculateBatch
11,2,4,電力量料金,燃料費調整額,259.00,-3.28,-849.52,,,,202,,0,2020-03-27 13:27:04.384,,,2020-03-27 13:27:04.384,RK010303_ChargeCalculateBatch
11,6,1,再エネ発電賦課金等,,259.00,3.14,813.00,,,,501,,0,2020-03-27 13:27:04.384,,,2020-03-27 13:27:04.384,RK010303_ChargeCalculateBatch
12,2,1,発電料金A,"",3100.00,12.34,-38254.00,,,,201,,0,2020-03-27 13:27:04.497,,,2020-03-27 13:27:04.497,RK010303_ChargeCalculateBatch
13,2,1,発電料金B,"",3100.00,12.34,-38254.00,,,,201,,0,2020-03-27 13:27:04.582,,,2020-03-27 13:27:04.582,RK010303_ChargeCalculateBatch
14,2,1,発電料金B,"",3100.00,12.34,-38254.00,,,,201,,0,2020-03-27 13:27:04.668,,,2020-03-27 13:27:04.668,RK010303_ChargeCalculateBatch
15,1,1,基本料金,"",20.00,1101.60,22766.40,,,,101,,0,2020-03-27 13:27:04.762,,,2020-03-27 13:27:04.762,RK010303_ChargeCalculateBatch
15,2,1,電力量料金,夏季,0.00,17.06,0.00,,,,201,,0,2020-03-27 13:27:04.762,,,2020-03-27 13:27:04.762,RK010303_ChargeCalculateBatch
15,2,2,電力量料金,その他季,259.00,15.51,4017.09,,,,201,,0,2020-03-27 13:27:04.762,,,2020-03-27 13:27:04.762,RK010303_ChargeCalculateBatch
15,2,3,電力量料金,燃料費調整額,259.00,-3.28,-849.52,,,,202,,0,2020-03-27 13:27:04.762,,,2020-03-27 13:27:04.762,RK010303_ChargeCalculateBatch
15,6,1,再エネ発電賦課金等,,259.00,3.14,813.00,,,,501,,0,2020-03-27 13:27:04.762,,,2020-03-27 13:27:04.762,RK010303_ChargeCalculateBatch
16,1,1,基本料金,"",2100.00,1995.66,4190886.00,,,,101,,2,2020-03-27 13:27:04.899,2024-04-29 09:18:18.865,sysmng1,2024-04-29 09:18:18.865,RK010601_ChargeCalculateResultCorrectAction
16,2,1,電力量料金,平日（夏季）,0.00,14.10,0.00,,,,201,,2,2020-03-27 13:27:04.899,2024-04-29 09:18:18.865,sysmng1,2024-04-29 09:18:18.865,RK010601_ChargeCalculateResultCorrectAction
16,2,2,電力量料金,平日（その他季）,3024.00,13.10,39614.40,,,,201,,2,2020-03-27 13:27:04.899,2024-04-29 09:18:18.865,sysmng1,2024-04-29 09:18:18.865,RK010601_ChargeCalculateResultCorrectAction
16,2,3,電力量料金,休日,1075.00,12.10,13007.50,,,,201,,2,2020-03-27 13:27:04.899,2024-04-29 09:18:18.865,sysmng1,2024-04-29 09:18:18.865,RK010601_ChargeCalculateResultCorrectAction
16,2,4,電力量料金,燃料費調整額,4099.00,-3.28,-13444.72,,,,202,,2,2020-03-27 13:27:04.899,2024-04-29 09:18:18.865,sysmng1,2024-04-29 09:18:18.865,RK010601_ChargeCalculateResultCorrectAction
16,6,1,再エネ発電賦課金等,,4099.00,3.20,13116.00,,,,501,,2,2020-03-27 13:27:04.899,2024-04-29 09:18:18.865,sysmng1,2024-04-29 09:18:18.865,RK010601_ChargeCalculateResultCorrectAction
17,2,1,発電料金B,"",3100.00,12.34,-38254.00,,,,201,,0,2020-03-27 13:27:05.183,,,2020-03-27 13:27:05.183,RK010303_ChargeCalculateBatch
18,1,1,基本料金,"",21.00,399.60,8391.60,,,,101,,0,2020-03-27 13:27:05.375,,,2020-03-27 13:27:05.375,RK010303_ChargeCalculateBatch
18,2,1,電力量料金,１段料金,120.00,17.70,2124.00,,,,201,,0,2020-03-27 13:27:05.375,,,2020-03-27 13:27:05.375,RK010303_ChargeCalculateBatch
18,2,2,電力量料金,２段料金,139.00,23.74,3299.86,,,,201,,0,2020-03-27 13:27:05.375,,,2020-03-27 13:27:05.375,RK010303_ChargeCalculateBatch
18,2,4,電力量料金,燃料費調整額,259.00,-3.28,-849.52,,,,202,,0,2020-03-27 13:27:05.375,,,2020-03-27 13:27:05.375,RK010303_ChargeCalculateBatch
18,6,1,再エネ発電賦課金等,,259.00,3.14,813.00,,,,501,,0,2020-03-27 13:27:05.375,,,2020-03-27 13:27:05.375,RK010303_ChargeCalculateBatch
19,1,1,基本料金,"",2200.00,1569.00,3451800.00,,,,101,,0,2020-03-27 13:27:05.495,,,2020-03-27 13:27:05.495,RK010303_ChargeCalculateBatch
19,2,1,電力量料金,ピーク,1541.00,20.20,31128.20,,,,201,,0,2020-03-27 13:27:05.495,,,2020-03-27 13:27:05.495,RK010303_ChargeCalculateBatch
19,2,2,電力量料金,夏季昼間,0.00,21.20,0.00,,,,201,,0,2020-03-27 13:27:05.495,,,2020-03-27 13:27:05.495,RK010303_ChargeCalculateBatch
19,2,3,電力量料金,その他季昼間,5603.00,22.20,124386.60,,,,201,,0,2020-03-27 13:27:05.495,,,2020-03-27 13:27:05.495,RK010303_ChargeCalculateBatch
19,2,4,電力量料金,夜間,5019.00,18.10,90843.90,,,,201,,0,2020-03-27 13:27:05.495,,,2020-03-27 13:27:05.495,RK010303_ChargeCalculateBatch
19,2,5,電力量料金,燃料費調整額,12163.00,-3.28,-39894.64,,,,202,,0,2020-03-27 13:27:05.495,,,2020-03-27 13:27:05.495,RK010303_ChargeCalculateBatch
19,6,1,再エネ発電賦課金等,,12163.00,3.20,38921.00,,,,501,,0,2020-03-27 13:27:05.495,,,2020-03-27 13:27:05.495,RK010303_ChargeCalculateBatch
20,1,1,基本料金,"",21.00,334.80,7030.80,,,,101,,0,2020-06-28 18:01:55.828,2020-06-28 18:01:55.828,kj_01_sysmng,2020-06-28 18:01:55.828,RK010601_ChargeCalculateResultCorrectAction
20,2,1,電力量料金,１段料金,120.00,23.54,2824.80,,,,201,,0,2020-06-28 18:01:55.828,2020-06-28 18:01:55.828,kj_01_sysmng,2020-06-28 18:01:55.828,RK010601_ChargeCalculateResultCorrectAction
20,2,2,電力量料金,２段料金,139.00,29.72,4131.08,,,,201,,0,2020-06-28 18:01:55.828,2020-06-28 18:01:55.828,kj_01_sysmng,2020-06-28 18:01:55.828,RK010601_ChargeCalculateResultCorrectAction
20,2,4,電力量料金,燃料費調整額,259.00,-3.28,-849.52,,,,202,,0,2020-06-28 18:01:55.828,2020-06-28 18:01:55.828,kj_01_sysmng,2020-06-28 18:01:55.828,RK010601_ChargeCalculateResultCorrectAction
20,6,1,再エネ発電賦課金等,,259.00,3.14,813.00,,,,501,,0,2020-06-28 18:01:55.828,2020-06-28 18:01:55.828,kj_01_sysmng,2020-06-28 18:01:55.828,RK010601_ChargeCalculateResultCorrectAction
21,1,1,基本料金,"",20.00,1242.00,24840.00,,,,101,,0,2020-03-27 13:27:05.704,,,2020-03-27 13:27:05.704,RK010303_ChargeCalculateBatch
21,2,1,電力量料金,夏季,0.00,15.66,0.00,,,,201,,0,2020-03-27 13:27:05.704,,,2020-03-27 13:27:05.704,RK010303_ChargeCalculateBatch
21,2,2,電力量料金,その他季,259.00,14.23,3685.57,,,,201,,0,2020-03-27 13:27:05.704,,,2020-03-27 13:27:05.704,RK010303_ChargeCalculateBatch
21,2,3,電力量料金,燃料費調整額,259.00,-3.28,-849.52,,,,202,,0,2020-03-27 13:27:05.704,,,2020-03-27 13:27:05.704,RK010303_ChargeCalculateBatch
21,6,1,再エネ発電賦課金等,,259.00,3.14,813.00,,,,501,,0,2020-03-27 13:27:05.704,,,2020-03-27 13:27:05.704,RK010303_ChargeCalculateBatch
22,2,1,電力量料金,夏季,0.00,17.35,0.00,,,,201,,0,2020-03-27 13:27:05.834,,,2020-03-27 13:27:05.834,RK010303_ChargeCalculateBatch
22,2,2,電力量料金,その他季,3100.00,17.35,53785.00,,,,201,,0,2020-03-27 13:27:05.834,,,2020-03-27 13:27:05.834,RK010303_ChargeCalculateBatch
22,2,3,電力量料金,燃料費調整額,3100.00,-3.28,-10168.00,,,,202,,0,2020-03-27 13:27:05.834,,,2020-03-27 13:27:05.834,RK010303_ChargeCalculateBatch
22,6,1,再エネ発電賦課金等,,3100.00,3.14,9734.00,,,,501,,0,2020-03-27 13:27:05.834,,,2020-03-27 13:27:05.834,RK010303_ChargeCalculateBatch
23,1,1,基本料金（20Ａ）,"",20.00,669.60,648.00,,,,101,,0,2020-03-27 13:27:05.959,,,2020-03-27 13:27:05.959,RK010303_ChargeCalculateBatch
23,2,1,電力量料金,１段料金,116.00,23.54,2730.64,,,,201,,0,2020-03-27 13:27:05.959,,,2020-03-27 13:27:05.959,RK010303_ChargeCalculateBatch
23,2,2,電力量料金,２段料金,134.00,29.72,3982.48,,,,201,,0,2020-03-27 13:27:05.959,,,2020-03-27 13:27:05.959,RK010303_ChargeCalculateBatch
23,2,4,電力量料金,燃料費調整額,250.00,-3.28,-820.00,,,,202,,0,2020-03-27 13:27:05.959,,,2020-03-27 13:27:05.959,RK010303_ChargeCalculateBatch
23,6,1,再エネ発電賦課金等,,250.00,3.14,785.00,,,,501,,0,2020-03-27 13:27:05.959,,,2020-03-27 13:27:05.959,RK010303_ChargeCalculateBatch
24,1,1,基本料金（30Ａ）,"",30.00,972.00,972.00,,,,101,,0,2020-03-27 13:27:06.11,,,2020-03-27 13:27:06.11,RK010303_ChargeCalculateBatch
24,2,1,電力量料金,１段料金,120.00,18.24,2188.80,,,,201,,0,2020-03-27 13:27:06.11,,,2020-03-27 13:27:06.11,RK010303_ChargeCalculateBatch
24,2,2,電力量料金,２段料金,139.00,24.87,3456.93,,,,201,,0,2020-03-27 13:27:06.11,,,2020-03-27 13:27:06.11,RK010303_ChargeCalculateBatch
24,2,4,電力量料金,燃料費調整額,259.00,-3.28,-849.52,,,,202,,0,2020-03-27 13:27:06.11,,,2020-03-27 13:27:06.11,RK010303_ChargeCalculateBatch
24,6,1,再エネ発電賦課金等,,259.00,3.14,813.00,,,,501,,0,2020-03-27 13:27:06.11,,,2020-03-27 13:27:06.11,RK010303_ChargeCalculateBatch
25,1,1,基本料金,"",15.00,1144.80,17172.00,,,,101,,0,2020-03-27 13:27:06.248,,,2020-03-27 13:27:06.248,RK010303_ChargeCalculateBatch
25,2,1,電力量料金,夏季,0.00,11.93,0.00,,,,201,,0,2020-03-27 13:27:06.248,,,2020-03-27 13:27:06.248,RK010303_ChargeCalculateBatch
25,2,2,電力量料金,その他季,259.00,10.89,2820.51,,,,201,,0,2020-03-27 13:27:06.248,,,2020-03-27 13:27:06.248,RK010303_ChargeCalculateBatch
25,2,3,電力量料金,燃料費調整額,259.00,-3.28,-849.52,,,,202,,0,2020-03-27 13:27:06.248,,,2020-03-27 13:27:06.248,RK010303_ChargeCalculateBatch
25,6,1,再エネ発電賦課金等,,259.00,3.14,813.00,,,,501,,0,2020-03-27 13:27:06.248,,,2020-03-27 13:27:06.248,RK010303_ChargeCalculateBatch
26,1,1,基本料金,"",100.00,1269.00,126900.00,,,,101,,0,2020-03-27 15:30:01.083,,,2020-03-27 15:30:01.083,RK010303_ChargeCalculateBatch
26,1,3,予備契約基本料金,予備電源基本料金,,109.08,10908.00,,,,104,,0,2020-03-27 15:30:01.083,,,2020-03-27 15:30:01.083,RK010303_ChargeCalculateBatch
26,2,1,電力量料金,夏季,0.00,17.05,0.00,,,,201,,0,2020-03-27 15:30:01.083,,,2020-03-27 15:30:01.083,RK010303_ChargeCalculateBatch
26,2,2,電力量料金,その他季,849.00,15.94,13533.06,,,,201,,0,2020-03-27 15:30:01.083,,,2020-03-27 15:30:01.083,RK010303_ChargeCalculateBatch
26,2,3,電力量料金,燃料費調整額,849.00,-3.28,-2784.72,,,,202,,0,2020-03-27 15:30:01.083,,,2020-03-27 15:30:01.083,RK010303_ChargeCalculateBatch
26,6,1,再エネ発電賦課金等,,849.00,3.20,2716.00,,,,501,,0,2020-03-27 15:30:01.083,,,2020-03-27 15:30:01.083,RK010303_ChargeCalculateBatch
27,1,1,基本料金,"",100.00,1269.00,63450.00,,,,101,,1,2020-03-27 15:30:01.37,2020-03-27 16:10:22.71,rk_01_sysmng,2020-03-27 16:10:22.71,RK010601_ChargeCalculateResultCorrectAction
27,1,3,予備契約基本料金,予備電源基本料金,,109.08,7741.16,,,,104,,1,2020-03-27 15:30:01.37,2020-03-27 16:10:22.71,rk_01_sysmng,2020-03-27 16:10:22.71,RK010601_ChargeCalculateResultCorrectAction
27,2,1,電力量料金,夏季,0.00,17.05,0.00,,,,201,,1,2020-03-27 15:30:01.37,2020-03-27 16:10:22.71,rk_01_sysmng,2020-03-27 16:10:22.71,RK010601_ChargeCalculateResultCorrectAction
27,2,2,電力量料金,その他季,0.00,15.94,0.00,,,,201,,1,2020-03-27 15:30:01.37,2020-03-27 16:10:22.71,rk_01_sysmng,2020-03-27 16:10:22.71,RK010601_ChargeCalculateResultCorrectAction
27,2,3,電力量料金,燃料費調整額,0.00,-3.28,0.00,,,,202,,1,2020-03-27 15:30:01.37,2020-03-27 16:10:22.71,rk_01_sysmng,2020-03-27 16:10:22.71,RK010601_ChargeCalculateResultCorrectAction
27,6,1,再エネ発電賦課金等,,0.00,3.20,0.00,,,,501,,1,2020-03-27 15:30:01.37,2020-03-27 16:10:22.71,rk_01_sysmng,2020-03-27 16:10:22.71,RK010601_ChargeCalculateResultCorrectAction
28,1,1,基本料金,"",230.00,1269.00,387249.66,,,,101,,0,2020-03-27 15:30:01.723,,,2020-03-27 15:30:01.723,RK010303_ChargeCalculateBatch
28,1,2,予備契約基本料金,予備線基本料金,,65.88,34897.50,,,,103,,0,2020-03-27 15:30:01.723,,,2020-03-27 15:30:01.723,RK010303_ChargeCalculateBatch
28,2,1,電力量料金,夏季,0.00,17.05,0.00,,,,201,,0,2020-03-27 15:30:01.723,,,2020-03-27 15:30:01.723,RK010303_ChargeCalculateBatch
28,2,2,電力量料金,その他季,1239.00,15.94,26938.60,,,,201,,0,2020-03-27 15:30:01.723,,,2020-03-27 15:30:01.723,RK010303_ChargeCalculateBatch
28,2,3,電力量料金,燃料費調整額,1690.00,-3.28,-5543.20,,,,202,,0,2020-03-27 15:30:01.723,,,2020-03-27 15:30:01.723,RK010303_ChargeCalculateBatch
28,6,1,再エネ発電賦課金等,,1690.00,3.20,5407.00,,,,501,,0,2020-03-27 15:30:01.723,,,2020-03-27 15:30:01.723,RK010303_ChargeCalculateBatch
29,1,1,基本料金,"",50.00,1215.50,1215.50,,,,101,,0,2020-05-08 01:13:34.668,,,2020-05-08 01:13:34.668,RK010303_ChargeCalculateBatch
29,2,1,電力量料金,第1段階(1～120kWh),120.00,19.67,2360.40,,,,201,,0,2020-05-08 01:13:34.668,,,2020-05-08 01:13:34.668,RK010303_ChargeCalculateBatch
29,2,2,電力量料金,第2段階(121～300kWh),168.00,24.88,4179.84,,,,201,,0,2020-05-08 01:13:34.668,,,2020-05-08 01:13:34.668,RK010303_ChargeCalculateBatch
29,2,4,電力量料金,燃料費調整額,288.00,-2.04,-587.52,,,,202,,0,2020-05-08 01:13:34.668,,,2020-05-08 01:13:34.668,RK010303_ChargeCalculateBatch
29,6,1,再生可能エネルギー発電促進賦課金,,288.00,2.98,858.00,,,,501,,0,2020-05-08 01:13:34.668,,,2020-05-08 01:13:34.668,RK010303_ChargeCalculateBatch
30,1,1,基本料金,"",50.00,1404.00,1404.00,,,,101,,0,2020-06-05 01:23:37.191,,,2020-06-05 01:23:37.191,RK010303_ChargeCalculateBatch
30,2,1,電力量料金,第1段階(1～120kWh),120.00,19.52,2342.40,,,,201,,0,2020-06-05 01:23:37.191,,,2020-06-05 01:23:37.191,RK010303_ChargeCalculateBatch
30,2,2,電力量料金,第2段階(121～300kWh),83.00,26.00,2158.00,,,,201,,0,2020-06-05 01:23:37.191,,,2020-06-05 01:23:37.191,RK010303_ChargeCalculateBatch
30,2,4,電力量料金,燃料費調整額,203.00,-2.11,-428.33,,,,202,,0,2020-06-05 01:23:37.191,,,2020-06-05 01:23:37.191,RK010303_ChargeCalculateBatch
30,6,1,再生可能エネルギー発電促進賦課金,,203.00,2.98,604.00,,,,501,,0,2020-06-05 01:23:37.191,,,2020-06-05 01:23:37.191,RK010303_ChargeCalculateBatch
31,1,1,基本料金（50Ａ）,"",50.00,1404.00,1404.00,,,,101,,1,2020-07-05 20:53:00.974,2023-03-11 00:30:29.064,kj_02_sysmng,2023-03-11 00:30:29.064,RK010601_ChargeCalculateResultCorrectAction
31,2,1,電力量料金,１段料金,120.00,19.52,2342.40,,,,201,,1,2020-07-05 20:53:00.974,2023-03-11 00:30:29.064,kj_02_sysmng,2023-03-11 00:30:29.064,RK010601_ChargeCalculateResultCorrectAction
31,2,2,電力量料金,２段料金,99.00,26.00,2574.00,,,,201,,1,2020-07-05 20:53:00.974,2023-03-11 00:30:29.064,kj_02_sysmng,2023-03-11 00:30:29.064,RK010601_ChargeCalculateResultCorrectAction
31,2,4,電力量料金,燃料費調整額,219.00,-2.44,-534.36,,,,202,,1,2020-07-05 20:53:00.974,2023-03-11 00:30:29.064,kj_02_sysmng,2023-03-11 00:30:29.064,RK010601_ChargeCalculateResultCorrectAction
31,6,1,再生可能エネルギー発電促進賦課金,,219.00,2.98,652.00,,,,501,,1,2020-07-05 20:53:00.974,2023-03-11 00:30:29.064,kj_02_sysmng,2023-03-11 00:30:29.064,RK010601_ChargeCalculateResultCorrectAction
31,7,1,補正額,コンビニ払込手数料,,,111.00,,,,901,,0,2023-03-11 00:30:29.123,2023-03-11 00:30:29.123,kj_02_sysmng,2023-03-11 00:30:29.123,RK010601_ChargeCalculateResultCorrectAction
32,1,1,基本料金（40Ａ）,"",40.00,1123.20,362.32,,,,101,,0,2022-02-09 19:32:31.735,,,2022-02-09 19:32:31.735,RK010303_ChargeCalculateBatch
32,2,1,電力量料金,１段料金,39.00,19.52,761.28,,,,201,,0,2022-02-09 19:32:31.735,,,2022-02-09 19:32:31.735,RK010303_ChargeCalculateBatch
32,2,2,電力量料金,２段料金,58.00,26.00,1508.00,,,,201,,0,2022-02-09 19:32:31.735,,,2022-02-09 19:32:31.735,RK010303_ChargeCalculateBatch
32,2,3,電力量料金,３段料金,53.00,30.02,1591.06,,,,201,,0,2022-02-09 19:32:31.735,,,2022-02-09 19:32:31.735,RK010303_ChargeCalculateBatch
32,2,4,電力量料金,燃料費調整額,150.00,-1.53,-229.50,,,,202,,0,2022-02-09 19:32:31.735,,,2022-02-09 19:32:31.735,RK010303_ChargeCalculateBatch
32,6,1,再生可能エネルギー発電促進賦課金,,150.00,3.36,504.00,,,,501,,0,2022-02-09 19:32:31.735,,,2022-02-09 19:32:31.735,RK010303_ChargeCalculateBatch
33,2,1,発電料金,"",20.00,12.34,-246.80,,,,201,,0,2022-02-09 19:32:32.071,,,2022-02-09 19:32:32.071,RK010303_ChargeCalculateBatch
34,1,1,基本料金（40Ａ）,"",40.00,1123.20,579.71,,,,101,,0,2022-02-10 10:40:04.348,,,2022-02-10 10:40:04.348,RK010303_ChargeCalculateBatch
34,2,1,電力量料金,１段料金,62.00,19.52,1210.24,,,,201,,0,2022-02-10 10:40:04.348,,,2022-02-10 10:40:04.348,RK010303_ChargeCalculateBatch
34,2,2,電力量料金,２段料金,88.00,26.00,2288.00,,,,201,,0,2022-02-10 10:40:04.348,,,2022-02-10 10:40:04.348,RK010303_ChargeCalculateBatch
34,2,4,電力量料金,燃料費調整額,150.00,-2.58,-387.00,,,,202,,0,2022-02-10 10:40:04.348,,,2022-02-10 10:40:04.348,RK010303_ChargeCalculateBatch
34,6,1,再生可能エネルギー発電促進賦課金,,150.00,3.36,504.00,,,,501,,0,2022-02-10 10:40:04.348,,,2022-02-10 10:40:04.348,RK010303_ChargeCalculateBatch
35,1,1,基本料金（40Ａ）,"",40.00,1123.20,1123.20,,,,101,,0,2022-02-10 11:11:34.591,,,2022-02-10 11:11:34.591,RK010303_ChargeCalculateBatch
35,2,1,電力量料金,１段料金,120.00,19.52,2342.40,,,,201,,0,2022-02-10 11:11:34.591,,,2022-02-10 11:11:34.591,RK010303_ChargeCalculateBatch
35,2,2,電力量料金,２段料金,50.00,26.00,1300.00,,,,201,,0,2022-02-10 11:11:34.591,,,2022-02-10 11:11:34.591,RK010303_ChargeCalculateBatch
35,2,4,電力量料金,燃料費調整額,170.00,-2.04,-346.80,,,,202,,0,2022-02-10 11:11:34.591,,,2022-02-10 11:11:34.591,RK010303_ChargeCalculateBatch
35,6,1,再生可能エネルギー発電促進賦課金,,170.00,3.36,571.00,,,,501,,0,2022-02-10 11:11:34.591,,,2022-02-10 11:11:34.591,RK010303_ChargeCalculateBatch
36,1,1,基本料金（30Ａ）,"",30.00,842.40,625.00,,,,101,,0,2022-02-10 20:25:31.17,,,2022-02-10 20:25:31.17,RK010303_ChargeCalculateBatch
36,2,1,電力量料金,１段料金,89.00,19.52,1737.28,,,,201,,0,2022-02-10 20:25:31.17,,,2022-02-10 20:25:31.17,RK010303_ChargeCalculateBatch
36,2,2,電力量料金,２段料金,106.00,26.00,2756.00,,,,201,,0,2022-02-10 20:25:31.17,,,2022-02-10 20:25:31.17,RK010303_ChargeCalculateBatch
36,2,4,電力量料金,燃料費調整額,195.00,-1.53,-298.35,,,,202,,0,2022-02-10 20:25:31.17,,,2022-02-10 20:25:31.17,RK010303_ChargeCalculateBatch
36,6,1,再生可能エネルギー発電促進賦課金,,195.00,3.36,655.00,,,,501,,0,2022-02-10 20:25:31.17,,,2022-02-10 20:25:31.17,RK010303_ChargeCalculateBatch
37,1,1,基本料金（40Ａ）,"",40.00,1123.20,599.04,,,,101,,0,2022-02-14 20:41:59.227,,,2022-02-14 20:41:59.227,RK010303_ChargeCalculateBatch
37,2,1,電力量料金,１段料金,64.00,19.52,1249.28,,,,201,,0,2022-02-14 20:41:59.227,,,2022-02-14 20:41:59.227,RK010303_ChargeCalculateBatch
37,2,2,電力量料金,２段料金,96.00,26.00,2496.00,,,,201,,0,2022-02-14 20:41:59.227,,,2022-02-14 20:41:59.227,RK010303_ChargeCalculateBatch
37,2,3,電力量料金,３段料金,191.00,30.02,5733.82,,,,201,,0,2022-02-14 20:41:59.227,,,2022-02-14 20:41:59.227,RK010303_ChargeCalculateBatch
37,2,4,電力量料金,燃料費調整額,351.00,-2.04,-716.04,,,,202,,0,2022-02-14 20:41:59.227,,,2022-02-14 20:41:59.227,RK010303_ChargeCalculateBatch
37,6,1,再生可能エネルギー発電促進賦課金,,351.00,3.36,1179.00,,,,501,,0,2022-02-14 20:41:59.227,,,2022-02-14 20:41:59.227,RK010303_ChargeCalculateBatch
38,1,1,基本料金（40Ａ）,"",40.00,1123.20,599.04,,,,101,,0,2022-02-14 20:41:59.499,,,2022-02-14 20:41:59.499,RK010303_ChargeCalculateBatch
38,2,1,電力量料金,１段料金,64.00,19.52,1249.28,,,,201,,0,2022-02-14 20:41:59.499,,,2022-02-14 20:41:59.499,RK010303_ChargeCalculateBatch
38,2,2,電力量料金,２段料金,96.00,26.00,2496.00,,,,201,,0,2022-02-14 20:41:59.499,,,2022-02-14 20:41:59.499,RK010303_ChargeCalculateBatch
38,2,3,電力量料金,３段料金,192.00,30.02,5763.84,,,,201,,0,2022-02-14 20:41:59.499,,,2022-02-14 20:41:59.499,RK010303_ChargeCalculateBatch
38,2,4,電力量料金,燃料費調整額,352.00,-2.04,-718.08,,,,202,,0,2022-02-14 20:41:59.499,,,2022-02-14 20:41:59.499,RK010303_ChargeCalculateBatch
38,6,1,再生可能エネルギー発電促進賦課金,,352.00,3.36,1182.00,,,,501,,0,2022-02-14 20:41:59.499,,,2022-02-14 20:41:59.499,RK010303_ChargeCalculateBatch
39,1,1,基本料金（40Ａ）,"",40.00,1123.20,599.04,,,,101,,0,2022-02-14 20:41:59.711,,,2022-02-14 20:41:59.711,RK010303_ChargeCalculateBatch
39,2,1,電力量料金,１段料金,64.00,19.52,1249.28,,,,201,,0,2022-02-14 20:41:59.711,,,2022-02-14 20:41:59.711,RK010303_ChargeCalculateBatch
39,2,2,電力量料金,２段料金,96.00,26.00,2496.00,,,,201,,0,2022-02-14 20:41:59.711,,,2022-02-14 20:41:59.711,RK010303_ChargeCalculateBatch
39,2,3,電力量料金,３段料金,193.00,30.02,5793.86,,,,201,,0,2022-02-14 20:41:59.711,,,2022-02-14 20:41:59.711,RK010303_ChargeCalculateBatch
39,2,4,電力量料金,燃料費調整額,353.00,-2.04,-720.12,,,,202,,0,2022-02-14 20:41:59.711,,,2022-02-14 20:41:59.711,RK010303_ChargeCalculateBatch
39,6,1,再生可能エネルギー発電促進賦課金,,353.00,3.36,1186.00,,,,501,,0,2022-02-14 20:41:59.711,,,2022-02-14 20:41:59.711,RK010303_ChargeCalculateBatch
40,1,1,基本料金（40Ａ）,"",40.00,1123.20,599.04,,,,101,,0,2022-02-14 20:41:59.909,,,2022-02-14 20:41:59.909,RK010303_ChargeCalculateBatch
40,2,1,電力量料金,１段料金,64.00,19.52,1249.28,,,,201,,0,2022-02-14 20:41:59.909,,,2022-02-14 20:41:59.909,RK010303_ChargeCalculateBatch
40,2,2,電力量料金,２段料金,96.00,26.00,2496.00,,,,201,,0,2022-02-14 20:41:59.909,,,2022-02-14 20:41:59.909,RK010303_ChargeCalculateBatch
40,2,3,電力量料金,３段料金,194.00,30.02,5823.88,,,,201,,0,2022-02-14 20:41:59.909,,,2022-02-14 20:41:59.909,RK010303_ChargeCalculateBatch
40,2,4,電力量料金,燃料費調整額,354.00,-2.04,-722.16,,,,202,,0,2022-02-14 20:41:59.909,,,2022-02-14 20:41:59.909,RK010303_ChargeCalculateBatch
40,6,1,再生可能エネルギー発電促進賦課金,,354.00,3.36,1189.00,,,,501,,0,2022-02-14 20:41:59.909,,,2022-02-14 20:41:59.909,RK010303_ChargeCalculateBatch
41,1,1,基本料金（40Ａ）,"",40.00,1123.20,599.04,,,,101,,0,2022-02-14 20:42:00.098,,,2022-02-14 20:42:00.098,RK010303_ChargeCalculateBatch
41,2,1,電力量料金,１段料金,64.00,19.52,1249.28,,,,201,,0,2022-02-14 20:42:00.098,,,2022-02-14 20:42:00.098,RK010303_ChargeCalculateBatch
41,2,2,電力量料金,２段料金,96.00,26.00,2496.00,,,,201,,0,2022-02-14 20:42:00.098,,,2022-02-14 20:42:00.098,RK010303_ChargeCalculateBatch
41,2,3,電力量料金,３段料金,195.00,30.02,5853.90,,,,201,,0,2022-02-14 20:42:00.098,,,2022-02-14 20:42:00.098,RK010303_ChargeCalculateBatch
41,2,4,電力量料金,燃料費調整額,355.00,-2.04,-724.20,,,,202,,0,2022-02-14 20:42:00.098,,,2022-02-14 20:42:00.098,RK010303_ChargeCalculateBatch
41,6,1,再生可能エネルギー発電促進賦課金,,355.00,3.36,1192.00,,,,501,,0,2022-02-14 20:42:00.098,,,2022-02-14 20:42:00.098,RK010303_ChargeCalculateBatch
42,1,1,基本料金（40Ａ）,"",40.00,1123.20,599.04,,,,101,,0,2022-02-14 20:42:00.244,,,2022-02-14 20:42:00.244,RK010303_ChargeCalculateBatch
42,2,1,電力量料金,１段料金,64.00,19.52,1249.28,,,,201,,0,2022-02-14 20:42:00.244,,,2022-02-14 20:42:00.244,RK010303_ChargeCalculateBatch
42,2,2,電力量料金,２段料金,96.00,26.00,2496.00,,,,201,,0,2022-02-14 20:42:00.244,,,2022-02-14 20:42:00.244,RK010303_ChargeCalculateBatch
42,2,3,電力量料金,３段料金,196.00,30.02,5883.92,,,,201,,0,2022-02-14 20:42:00.244,,,2022-02-14 20:42:00.244,RK010303_ChargeCalculateBatch
42,2,4,電力量料金,燃料費調整額,356.00,-2.04,-726.24,,,,202,,0,2022-02-14 20:42:00.244,,,2022-02-14 20:42:00.244,RK010303_ChargeCalculateBatch
42,6,1,再生可能エネルギー発電促進賦課金,,356.00,3.36,1196.00,,,,501,,0,2022-02-14 20:42:00.244,,,2022-02-14 20:42:00.244,RK010303_ChargeCalculateBatch
43,1,1,基本料金（40Ａ）,"",40.00,1123.20,599.04,,,,101,,0,2022-02-14 20:42:00.369,,,2022-02-14 20:42:00.369,RK010303_ChargeCalculateBatch
43,2,1,電力量料金,１段料金,64.00,19.52,1249.28,,,,201,,0,2022-02-14 20:42:00.369,,,2022-02-14 20:42:00.369,RK010303_ChargeCalculateBatch
43,2,2,電力量料金,２段料金,96.00,26.00,2496.00,,,,201,,0,2022-02-14 20:42:00.369,,,2022-02-14 20:42:00.369,RK010303_ChargeCalculateBatch
43,2,3,電力量料金,３段料金,197.00,30.02,5913.94,,,,201,,0,2022-02-14 20:42:00.369,,,2022-02-14 20:42:00.369,RK010303_ChargeCalculateBatch
43,2,4,電力量料金,燃料費調整額,357.00,-2.04,-728.28,,,,202,,0,2022-02-14 20:42:00.369,,,2022-02-14 20:42:00.369,RK010303_ChargeCalculateBatch
43,6,1,再生可能エネルギー発電促進賦課金,,357.00,3.36,1199.00,,,,501,,0,2022-02-14 20:42:00.369,,,2022-02-14 20:42:00.369,RK010303_ChargeCalculateBatch
44,1,1,基本料金（40Ａ）,"",40.00,1123.20,599.04,,,,101,,0,2022-02-14 20:42:00.533,,,2022-02-14 20:42:00.533,RK010303_ChargeCalculateBatch
44,2,1,電力量料金,１段料金,64.00,19.52,1249.28,,,,201,,0,2022-02-14 20:42:00.533,,,2022-02-14 20:42:00.533,RK010303_ChargeCalculateBatch
44,2,2,電力量料金,２段料金,96.00,26.00,2496.00,,,,201,,0,2022-02-14 20:42:00.533,,,2022-02-14 20:42:00.533,RK010303_ChargeCalculateBatch
44,2,3,電力量料金,３段料金,198.00,30.02,5943.96,,,,201,,0,2022-02-14 20:42:00.533,,,2022-02-14 20:42:00.533,RK010303_ChargeCalculateBatch
44,2,4,電力量料金,燃料費調整額,358.00,-2.04,-730.32,,,,202,,0,2022-02-14 20:42:00.533,,,2022-02-14 20:42:00.533,RK010303_ChargeCalculateBatch
44,6,1,再生可能エネルギー発電促進賦課金,,358.00,3.36,1202.00,,,,501,,0,2022-02-14 20:42:00.533,,,2022-02-14 20:42:00.533,RK010303_ChargeCalculateBatch
45,1,1,基本料金（40Ａ）,"",40.00,1123.20,599.04,,,,101,,0,2022-02-14 20:42:00.655,,,2022-02-14 20:42:00.655,RK010303_ChargeCalculateBatch
45,2,1,電力量料金,１段料金,64.00,19.52,1249.28,,,,201,,0,2022-02-14 20:42:00.655,,,2022-02-14 20:42:00.655,RK010303_ChargeCalculateBatch
45,2,2,電力量料金,２段料金,96.00,26.00,2496.00,,,,201,,0,2022-02-14 20:42:00.655,,,2022-02-14 20:42:00.655,RK010303_ChargeCalculateBatch
45,2,3,電力量料金,３段料金,199.00,30.02,5973.98,,,,201,,0,2022-02-14 20:42:00.655,,,2022-02-14 20:42:00.655,RK010303_ChargeCalculateBatch
45,2,4,電力量料金,燃料費調整額,359.00,-2.04,-732.36,,,,202,,0,2022-02-14 20:42:00.655,,,2022-02-14 20:42:00.655,RK010303_ChargeCalculateBatch
45,6,1,再生可能エネルギー発電促進賦課金,,359.00,3.36,1206.00,,,,501,,0,2022-02-14 20:42:00.655,,,2022-02-14 20:42:00.655,RK010303_ChargeCalculateBatch
46,1,1,基本料金（40Ａ）,"",40.00,1123.20,599.04,,,,101,,0,2022-02-14 20:42:00.763,,,2022-02-14 20:42:00.763,RK010303_ChargeCalculateBatch
46,2,1,電力量料金,１段料金,64.00,19.52,1249.28,,,,201,,0,2022-02-14 20:42:00.763,,,2022-02-14 20:42:00.763,RK010303_ChargeCalculateBatch
46,2,2,電力量料金,２段料金,96.00,26.00,2496.00,,,,201,,0,2022-02-14 20:42:00.763,,,2022-02-14 20:42:00.763,RK010303_ChargeCalculateBatch
46,2,3,電力量料金,３段料金,200.00,30.02,6004.00,,,,201,,0,2022-02-14 20:42:00.763,,,2022-02-14 20:42:00.763,RK010303_ChargeCalculateBatch
46,2,4,電力量料金,燃料費調整額,360.00,-2.04,-734.40,,,,202,,0,2022-02-14 20:42:00.763,,,2022-02-14 20:42:00.763,RK010303_ChargeCalculateBatch
46,6,1,再生可能エネルギー発電促進賦課金,,360.00,3.36,1209.00,,,,501,,0,2022-02-14 20:42:00.763,,,2022-02-14 20:42:00.763,RK010303_ChargeCalculateBatch
