fcr_id,warning_class_code,update_count,create_time,online_update_time,online_update_user_id,update_time,update_module_code
2,357,0,2020-03-27 13:27:02.815,,,2020-03-27 13:27:02.815,RK010303_ChargeCalculateBatch
7,301,0,2020-03-27 13:27:03.795,,,2020-03-27 13:27:03.795,RK010303_ChargeCalculateBatch
8,301,0,2020-03-27 13:27:03.942,,,2020-03-27 13:27:03.942,RK010303_ChargeCalculateBatch
9,301,0,2020-03-27 16:33:30.288,2020-03-27 16:33:30.288,rk_01_sysmng,2020-03-27 16:33:30.288,RK010601_ChargeCalculateResultCorrectAction
10,301,0,2020-03-27 13:27:04.253,,,2020-03-27 13:27:04.253,RK010303_ChargeCalculateBatch
11,301,0,2020-03-27 13:27:04.253,,,2020-03-27 13:27:04.253,RK010303_ChargeCalculateBatch
12,301,0,2020-03-27 13:27:04.253,,,2020-03-27 13:27:04.253,RK010303_ChargeCalculateBatch
14,301,0,2020-03-27 13:27:04.253,,,2020-03-27 13:27:04.253,RK010303_ChargeCalculateBatch
15,355,0,2020-03-27 13:27:04.899,,,2020-03-27 13:27:04.899,RK010303_ChargeCalculateBatch
16,301,0,2020-03-27 13:27:04.899,,,2020-03-27 13:27:04.899,RK010303_ChargeCalculateBatch
16,355,0,2020-03-27 13:27:04.899,,,2020-03-27 13:27:04.899,RK010303_ChargeCalculateBatch
18,355,0,2020-03-27 13:27:04.899,,,2020-03-27 13:27:04.899,RK010303_ChargeCalculateBatch
19,301,0,2020-03-27 13:27:04.253,,,2020-03-27 13:27:04.253,RK010303_ChargeCalculateBatch
20,301,0,2020-06-28 18:01:55.843,2020-06-28 18:01:55.843,kj_01_sysmng,2020-06-28 18:01:55.843,RK010601_ChargeCalculateResultCorrectAction
27,301,0,2020-03-27 15:30:01.37,,,2020-03-27 15:30:01.37,RK010303_ChargeCalculateBatch
31,301,0,2020-07-05 20:53:00.99,2020-07-05 20:53:00.99,kj_01_sysmng,2020-07-05 20:53:00.99,RK010601_ChargeCalculateResultCorrectAction
