file_cat_code,file_cat_name,update_count,create_time,online_update_time,online_update_user_id,update_time,update_module_code
01,料金実績一覧（卸／取次事業者）,0,2014-12-01 09:00:00,,system,2014-12-01 09:00:00,system
02,料金実績内訳（卸／取次事業者）,0,2014-12-01 09:00:00,,system,2014-12-01 09:00:00,system
03,料金実績一覧・内訳（卸／取次事業者）,0,2014-12-01 09:00:00,,system,2014-12-01 09:00:00,system
04,債権譲渡候補,0,2014-12-01 09:00:00,,system,2014-12-01 09:00:00,system
05,経理データ（料金実績）,0,2014-12-01 09:00:00,,system,2014-12-01 09:00:00,system
06,経理データ（入金）,0,2014-12-01 09:00:00,,system,2014-12-01 09:00:00,system
07,経理データ（債権譲渡・破産等債権）,0,2014-12-01 09:00:00,,system,2014-12-01 09:00:00,system
08,経理データ（預り金等）,0,2014-12-01 09:00:00,,system,2014-12-01 09:00:00,system
09,経理データ（前月残高）,0,2014-12-01 09:00:00,,system,2014-12-01 09:00:00,system
10,債権譲渡明細書,0,2014-12-01 09:00:00,,system,2014-12-01 09:00:00,system
11,貸倒明細書,0,2014-12-01 09:00:00,,system,2014-12-01 09:00:00,system
12,需要家契約,0,2014-12-01 09:00:00,,system,2014-12-01 09:00:00,system
31,都道府県別使用量集計,0,2014-12-01 09:00:00,,system,2014-12-01 09:00:00,system
A1,請求データ,0,2014-12-01 09:00:00,,system,2014-12-01 09:00:00,system
B1,請求データ（低圧高圧）,0,2014-12-01 09:00:00,,system,2014-12-01 09:00:00,system
