menu_id,mg_id,menu,saction_id,display_order,update_count,create_time,online_update_time,online_update_user_id,update_time,update_module_code
1,1,契約情報検索,kj020101SearchContractInformationAction,1,0,2014-12-01 09:00:00,,system,2014-12-01 09:00:00,system
10,4,契約電力算定結果内訳帳票アップロード,sr050101ConsignmentCcaFileUploadAction,3,0,2014-12-01 09:00:00,,system,2014-12-01 09:00:00,system
11,4,契約管理情報ダウンロード,s010107ContractManagementInformationDownloadAction,4,0,2014-12-01 09:00:00,,system,2014-12-01 09:00:00,system
12,4,契約管理情報アップロード,s010101ContractManagementInformationUploadAction,5,0,2014-12-01 09:00:00,,system,2014-12-01 09:00:00,system
13,4,アクセスログダウンロード,gk028101AccessLogFileDownloadAction,6,0,2014-12-01 09:00:00,,system,2014-12-01 09:00:00,system
14,5,パスワード変更,ChangePassword,1,0,2014-12-01 09:00:00,,system,2014-12-01 09:00:00,system
15,1,契約者情報登録,kj020701RegistContractorInformationAction,2,0,2014-12-01 09:00:00,,system,2014-12-01 09:00:00,system
16,1,メータ設置場所情報登録,kj050401RegistMeterLocationAction,3,0,2014-12-01 09:00:00,,system,2014-12-01 09:00:00,system
17,4,調定データアップロード,sr050201SettlementDataUploadAction,7,0,2014-12-01 09:00:00,,system,2014-12-01 09:00:00,system
18,6,電力量認定申請書作成,gk060101ElectricCertificationPetitionAction,1,0,2014-12-01 09:00:00,,system,2014-12-01 09:00:00,system
2,1,TODO検索,gk010101SearchTodoAction,2,0,2014-12-01 09:00:00,,system,2014-12-01 09:00:00,system
3,2,不明入金一覧照会,sn030201InquiryUnknownDepositAction,1,0,2014-12-01 09:00:00,,system,2014-12-01 09:00:00,system
4,2,債権譲渡登録,sn040701RegistClaimAssignmentAction,2,0,2014-12-01 09:00:00,,system,2014-12-01 09:00:00,system
5,3,計算結果検索,rk010501CalculateResultSearchAction,1,0,2014-12-01 09:00:00,,system,2014-12-01 09:00:00,system
6,3,料金単価設定,rk020201UnitPriceManagementAction,2,0,2014-12-01 09:00:00,,system,2014-12-01 09:00:00,system
7,3,付帯単価設定,rk020202UnitPriceManagementAction,3,0,2014-12-01 09:00:00,,system,2014-12-01 09:00:00,system
8,4,料金実績ファイル出力,rk040101DownloadChargeResultInfoAction,1,0,2014-12-01 09:00:00,,system,2014-12-01 09:00:00,system
9,4,ダウンロード,gk020101DownloadAction,2,0,2014-12-01 09:00:00,,system,2014-12-01 09:00:00,system
