meter_cat_code,meter_cat,update_count,create_time,online_update_time,online_update_user_id,update_time,update_module_code
1,常用,0,2014-12-01 09:00:00,,system,2014-12-01 09:00:00,system
2,予備A,0,2014-12-01 09:00:00,,system,2014-12-01 09:00:00,system
3,予備B,0,2014-12-01 09:00:00,,system,2014-12-01 09:00:00,system
4,付帯,0,2014-12-01 09:00:00,,system,2014-12-01 09:00:00,system
5,付帯外,0,2014-12-01 09:00:00,,system,2014-12-01 09:00:00,system
9,その他,0,2014-12-01 09:00:00,,system,2014-12-01 09:00:00,system
