mg_id,mg,mg_display_order,update_count,create_time,online_update_time,online_update_user_id,update_time,update_module_code
1,契約管理/ToDo検索,1,0,2014-12-01 09:00:00,,system,2014-12-01 09:00:00,system
2,収納,2,0,2014-12-01 09:00:00,,system,2014-12-01 09:00:00,system
3,料金,3,0,2014-12-01 09:00:00,,system,2014-12-01 09:00:00,system
4,ファイル入出力,4,0,2014-12-01 09:00:00,,system,2014-12-01 09:00:00,system
5,パスワード管理,6,0,2014-12-01 09:00:00,,system,2014-12-01 09:00:00,system
6,非化石,5,0,2014-12-01 09:00:00,,system,2014-12-01 09:00:00,system
