phone_no_cat_code,phone_no_cat,update_count,create_time,online_update_time,online_update_user_id,update_time,update_module_code
1,自宅,0,2014-12-01 09:00:00,,system,2014-12-01 09:00:00,system
2,携帯,0,2014-12-01 09:00:00,,system,2014-12-01 09:00:00,system
3,家族・友人,0,2014-12-01 09:00:00,,system,2014-12-01 09:00:00,system
4,配偶者,0,2014-12-01 09:00:00,,system,2014-12-01 09:00:00,system
5,家主・管理人,0,2014-12-01 09:00:00,,system,2014-12-01 09:00:00,system
6,事務所,0,2014-12-01 09:00:00,,system,2014-12-01 09:00:00,system
9,その他,0,2014-12-01 09:00:00,,system,2014-12-01 09:00:00,system
