pw_code,pw,update_count,create_time,online_update_time,online_update_user_id,update_time,update_module_code
1,クレジットカード払い,0,2014-12-01 09:00:00,,system,2014-12-01 09:00:00,system
2,口座振替,0,2014-12-01 09:00:00,,system,2014-12-01 09:00:00,system
3,コンビニ払い,0,2014-12-01 09:00:00,,system,2014-12-01 09:00:00,system
4,振込用請求書,0,2014-12-01 09:00:00,,system,2014-12-01 09:00:00,system
A,外部システム合算,0,2014-12-01 09:00:00,,system,2014-12-01 09:00:00,system
B,電気単独,0,2014-12-01 09:00:00,,system,2014-12-01 09:00:00,system
