area_code,up_apply_sd,up_apply_ed,use_period,up,minimum_charge,display_name,threshold_name,note,update_count,create_time,online_update_time,online_update_user_id,update_time,update_module_code
01,2019-09-01,2019-09-30,201910,3.20,,再エネ発電賦課金等,,,0,2019-10-23 07:01:21.042,,system,2019-10-23 07:01:21.042,system
02,2019-09-01,2019-09-30,201910,3.20,,再エネ発電賦課金等,,,0,2019-10-23 07:01:21.042,,system,2019-10-23 07:01:21.042,system
03,2019-09-01,2019-09-30,201910,3.20,,再エネ発電賦課金等,,,0,2019-10-23 07:01:21.042,,system,2019-10-23 07:01:21.042,system
05,2019-09-01,2019-09-30,201910,3.20,,再エネ発電賦課金等,,,0,2019-10-23 07:01:21.042,,system,2019-10-23 07:01:21.042,system
07,2019-09-01,2019-09-30,201910,3.20,,再エネ発電賦課金等,,,0,2019-10-23 07:01:21.042,,system,2019-10-23 07:01:21.042,system
