remittance_status_code,remittance_status,remittance_status_abbreviated_name,update_count,create_time,online_update_time,online_update_user_id,update_time,update_module_code
1,送金依頼待,依頼待,0,2014-12-01 09:00:00,,system,2014-12-01 09:00:00,system
2,送金依頼失敗,依頼失敗,0,2014-12-01 09:00:00,,system,2014-12-01 09:00:00,system
3,送金依頼済,依頼済,0,2014-12-01 09:00:00,,system,2014-12-01 09:00:00,system
4,送金失敗,失敗,0,2014-12-01 09:00:00,,system,2014-12-01 09:00:00,system
5,送金完了,完了,0,2014-12-01 09:00:00,,system,2014-12-01 09:00:00,system
9,無効,無効,0,2014-12-01 09:00:00,,system,2014-12-01 09:00:00,system
