role_id,role,update_count,create_time,online_update_time,online_update_user_id,update_time,update_module_code
00001,システム管理者,0,2014-12-01 09:00:00,,system,2014-12-01 09:00:00,system
01001,企画：料金設定担当者,0,2014-12-01 09:00:00,,system,2014-12-01 09:00:00,system
01002,企画：消込担当者,0,2014-12-01 09:00:00,,system,2014-12-01 09:00:00,system
02001,営業担当者,0,2014-12-01 09:00:00,,system,2014-12-01 09:00:00,system
03001,コンタクトセンタ：SV担当者,0,2014-12-01 09:00:00,,system,2014-12-01 09:00:00,system
03002,コンタクトセンタ：料金担当者,0,2014-12-01 09:00:00,,system,2014-12-01 09:00:00,system
03003,コンタクトセンタ：フロントOP担当者,0,2014-12-01 09:00:00,,system,2014-12-01 09:00:00,system
04001,経理担当者,0,2014-12-01 09:00:00,,system,2014-12-01 09:00:00,system
