rr_code,rr_name,update_count,create_time,online_update_time,online_update_user_id,update_time,update_module_code
0,未処理,0,2014-12-01 09:00:00,,system,2014-12-01 09:00:00,system
1,正常収納,0,2014-12-01 09:00:00,,system,2014-12-01 09:00:00,system
2,不足収納,0,2014-12-01 09:00:00,,system,2014-12-01 09:00:00,system
3,過収納,0,2014-12-01 09:00:00,,system,2014-12-01 09:00:00,system
4,二重収納,0,2014-12-01 09:00:00,,system,2014-12-01 09:00:00,system
9,振替,0,2014-12-01 09:00:00,,system,2014-12-01 09:00:00,system
