rs_code,ng_reason_code,ng_reason,update_count,create_time,online_update_time,online_update_user_id,update_time,update_module_code
1,000,正常,0,2014-12-01 09:00:00,,system,2014-12-01 09:00:00,system
1,002,AID該当なし,0,2014-12-01 09:00:00,,system,2014-12-01 09:00:00,system
1,007,システムエラー,0,2014-12-01 09:00:00,,system,2014-12-01 09:00:00,system
1,009,システム停止中,0,2014-12-01 09:00:00,,system,2014-12-01 09:00:00,system
1,022,AID誤り,0,2014-12-01 09:00:00,,system,2014-12-01 09:00:00,system
1,023,決済金額誤り,0,2014-12-01 09:00:00,,system,2014-12-01 09:00:00,system
1,030,決済可能金額外,0,2014-12-01 09:00:00,,system,2014-12-01 09:00:00,system
1,031,決済金額累計オーバー,0,2014-12-01 09:00:00,,system,2014-12-01 09:00:00,system
1,032,決済回数累計オーバー,0,2014-12-01 09:00:00,,system,2014-12-01 09:00:00,system
1,083,カード番号利用不可（ブラックカード）,0,2014-12-01 09:00:00,,system,2014-12-01 09:00:00,system
1,G02,残高不足（カード会社へお問い合わせ下さい）,0,2014-12-01 09:00:00,,system,2014-12-01 09:00:00,system
1,G03,限度額オーバー（カード会社へお問い合わせ下さい）,0,2014-12-01 09:00:00,,system,2014-12-01 09:00:00,system
1,G04,残高不足（カード会社へお問い合わせ下さい）,0,2014-12-01 09:00:00,,system,2014-12-01 09:00:00,system
1,G05,限度額オーバー（カード会社へお問い合わせ下さい）,0,2014-12-01 09:00:00,,system,2014-12-01 09:00:00,system
1,G12,取扱不可（カード会社へお問い合わせ下さい）,0,2014-12-01 09:00:00,,system,2014-12-01 09:00:00,system
1,G22,取扱不可（カード会社へお問い合わせ下さい）,0,2014-12-01 09:00:00,,system,2014-12-01 09:00:00,system
1,G30,保留判定（カード会社へお問い合わせ下さい）,0,2014-12-01 09:00:00,,system,2014-12-01 09:00:00,system
1,G42,暗証番号エラー（カード会社へお問い合わせ下さい）,0,2014-12-01 09:00:00,,system,2014-12-01 09:00:00,system
1,G44,セキュリティコード誤り（カード会社へお問い合わせ下さい）,0,2014-12-01 09:00:00,,system,2014-12-01 09:00:00,system
1,G45,セキュリティコード入力無（カード会社へお問い合わせ下さい）,0,2014-12-01 09:00:00,,system,2014-12-01 09:00:00,system
1,G54,取扱不可（カード会社へお問い合わせ下さい）,0,2014-12-01 09:00:00,,system,2014-12-01 09:00:00,system
1,G55,限度額オーバー（カード会社へお問い合わせ下さい）,0,2014-12-01 09:00:00,,system,2014-12-01 09:00:00,system
1,G56,カード取り込み（カード会社へお問い合わせ下さい）,0,2014-12-01 09:00:00,,system,2014-12-01 09:00:00,system
1,G60,事故カード（カード会社へお問い合わせ下さい）,0,2014-12-01 09:00:00,,system,2014-12-01 09:00:00,system
1,G61,無効カード（カード会社へお問い合わせ下さい）,0,2014-12-01 09:00:00,,system,2014-12-01 09:00:00,system
1,G65,会員番号エラー（カード会社へお問い合わせ下さい）,0,2014-12-01 09:00:00,,system,2014-12-01 09:00:00,system
1,G67,商品コードエラー（カード会社へお問合せください）,0,2014-12-01 09:00:00,,system,2014-12-01 09:00:00,system
1,G68,金額エラー（カード会社へお問い合わせ下さい）,0,2014-12-01 09:00:00,,system,2014-12-01 09:00:00,system
1,G69,税送料エラー（カード会社へお問合せください）,0,2014-12-01 09:00:00,,system,2014-12-01 09:00:00,system
1,G70,ボーナス回数エラー（カード会社へお問合せください）,0,2014-12-01 09:00:00,,system,2014-12-01 09:00:00,system
1,G71,ボーナス月エラー（カード会社へお問合せください）,0,2014-12-01 09:00:00,,system,2014-12-01 09:00:00,system
1,G72,ボーナス額エラー（カード会社へお問合せください）,0,2014-12-01 09:00:00,,system,2014-12-01 09:00:00,system
1,G73,支払開始月エラー（カード会社へお問合せください）,0,2014-12-01 09:00:00,,system,2014-12-01 09:00:00,system
1,G74,分割回数エラー（カード会社へお問合せください）,0,2014-12-01 09:00:00,,system,2014-12-01 09:00:00,system
1,G75,分割金額エラー（カード会社へお問合せください）,0,2014-12-01 09:00:00,,system,2014-12-01 09:00:00,system
1,G76,初回金額エラー（カード会社へお問い合わせ下さい）,0,2014-12-01 09:00:00,,system,2014-12-01 09:00:00,system
1,G77,業務区分エラー（カード会社へお問合せください）,0,2014-12-01 09:00:00,,system,2014-12-01 09:00:00,system
1,G78,支払区分エラー（カード会社へお問い合わせ下さい）,0,2014-12-01 09:00:00,,system,2014-12-01 09:00:00,system
1,G79,照会区分エラー（カード会社へお問合せください）,0,2014-12-01 09:00:00,,system,2014-12-01 09:00:00,system
1,G80,取消区分エラー（カード会社へお問い合わせ下さい）,0,2014-12-01 09:00:00,,system,2014-12-01 09:00:00,system
1,G81,取消取扱区分エラー（カード会社へお問い合わせ下さい）,0,2014-12-01 09:00:00,,system,2014-12-01 09:00:00,system
1,G83,有効期限エラー（カード会社へお問い合わせ下さい）,0,2014-12-01 09:00:00,,system,2014-12-01 09:00:00,system
1,G95,オンライン終了,0,2014-12-01 09:00:00,,system,2014-12-01 09:00:00,system
1,G96,取扱不可,0,2014-12-01 09:00:00,,system,2014-12-01 09:00:00,system
1,G97,取扱不可,0,2014-12-01 09:00:00,,system,2014-12-01 09:00:00,system
1,G98,取扱不可,0,2014-12-01 09:00:00,,system,2014-12-01 09:00:00,system
1,G99,取扱不可,0,2014-12-01 09:00:00,,system,2014-12-01 09:00:00,system
2,000,振替済み,0,2014-12-01 09:00:00,,system,2014-12-01 09:00:00,system
2,001,資金不足,0,2014-12-01 09:00:00,,system,2014-12-01 09:00:00,system
2,002,預金取引なし,0,2014-12-01 09:00:00,,system,2014-12-01 09:00:00,system
2,003,預金者の都合による振替停止,0,2014-12-01 09:00:00,,system,2014-12-01 09:00:00,system
2,004,預金口座振替依頼書なし,0,2014-12-01 09:00:00,,system,2014-12-01 09:00:00,system
2,008,委託者の都合による振替停止,0,2014-12-01 09:00:00,,system,2014-12-01 09:00:00,system
2,009,その他、請求不能データ,0,2014-12-01 09:00:00,,system,2014-12-01 09:00:00,system
2,020,AID該当なし,0,2014-12-01 09:00:00,,system,2014-12-01 09:00:00,system
2,099,その他、スマトレ判定請求不能データ,0,2014-12-01 09:00:00,,system,2014-12-01 09:00:00,system
