rs_code,rs_name,update_count,create_time,online_update_time,online_update_user_id,update_time,update_module_code
1,クレジットカード払い,0,2014-12-01 09:00:00,,system,2014-12-01 09:00:00,system
2,口座振替,0,2014-12-01 09:00:00,,system,2014-12-01 09:00:00,system
3,コンビニ払い,0,2014-12-01 09:00:00,,system,2014-12-01 09:00:00,system
4,振込,0,2014-12-01 09:00:00,,system,2014-12-01 09:00:00,system
5,債権回収依頼,0,2014-12-01 09:00:00,,system,2014-12-01 09:00:00,system
8,手動入金,0,2014-12-01 09:00:00,,system,2014-12-01 09:00:00,system
