screen_id,screen,update_count,create_time,online_update_time,online_update_user_id,update_time,update_module_code
S0001-01,ログイン画面,0,2014-12-01 09:00:00,,system,2014-12-01 09:00:00,system
S0003-01,メニュー画面,0,2014-12-01 09:00:00,,system,2014-12-01 09:00:00,system
S0004-01,パスワード変更画面,0,2014-12-01 09:00:00,,system,2014-12-01 09:00:00,system
S0101-01,契約管理情報アップロード画面,0,2014-12-01 09:00:00,,system,2014-12-01 09:00:00,system
S0101-07,契約管理情報ダウンロード画面,0,2014-12-01 09:00:00,,system,2014-12-01 09:00:00,system
SGK0101-01,TODO検索画面,0,2014-12-01 09:00:00,,system,2014-12-01 09:00:00,system
SGK0101-02,TODO更新画面,0,2014-12-01 09:00:00,,system,2014-12-01 09:00:00,system
SGK0201-01,ダウンロード画面,0,2014-12-01 09:00:00,,system,2014-12-01 09:00:00,system
SGK0281-01,アクセスログダウンロード画面,0,2014-12-01 09:00:00,,system,2014-12-01 09:00:00,system
SGK0601-01,電力量認定申請書作成画面,0,2014-12-01 09:00:00,,system,2014-12-01 09:00:00,system
SKJ0101-01,契約情報照会画面,0,2014-12-01 09:00:00,,system,2014-12-01 09:00:00,system
SKJ0105-01,契約情報更新画面,0,2014-12-01 09:00:00,,system,2014-12-01 09:00:00,system
SKJ0106-01,契約情報追加画面,0,2014-12-01 09:00:00,,system,2014-12-01 09:00:00,system
SKJ0107-01,予備契約情報更新画面,0,2014-12-01 09:00:00,,system,2014-12-01 09:00:00,system
SKJ0108-01,予備契約情報追加画面,0,2014-12-01 09:00:00,,system,2014-12-01 09:00:00,system
SKJ0201-01,契約情報検索画面,0,2014-12-01 09:00:00,,system,2014-12-01 09:00:00,system
SKJ0203-01,契約情報一覧照会画面,0,2014-12-01 09:00:00,,system,2014-12-01 09:00:00,system
SKJ0206-01,契約者情報更新画面,0,2014-12-01 09:00:00,,system,2014-12-01 09:00:00,system
SKJ0207-01,契約者情報登録画面,0,2014-12-01 09:00:00,,system,2014-12-01 09:00:00,system
SKJ0301-01,支払情報照会画面,0,2014-12-01 09:00:00,,system,2014-12-01 09:00:00,system
SKJ0303-01,支払情報一覧照会画面,0,2014-12-01 09:00:00,,system,2014-12-01 09:00:00,system
SKJ0305-01,支払情報更新画面,0,2014-12-01 09:00:00,,system,2014-12-01 09:00:00,system
SKJ0305-02,支払情報登録画面,0,2014-12-01 09:00:00,,system,2014-12-01 09:00:00,system
SKJ0305-03,口座クレカ情報登録画面,0,2014-12-01 09:00:00,,system,2014-12-01 09:00:00,system
SKJ0305-04,口座クレカ情報更新画面,0,2014-12-01 09:00:00,,system,2014-12-01 09:00:00,system
SKJ0402-01,付帯契約情報追加画面,0,2014-12-01 09:00:00,,system,2014-12-01 09:00:00,system
SKJ0404-01,付帯契約情報更新画面,0,2014-12-01 09:00:00,,system,2014-12-01 09:00:00,system
SKJ0407-01,付帯メニュー一覧照会画面,0,2014-12-01 09:00:00,,system,2014-12-01 09:00:00,system
SKJ0503-01,メータ設置場所更新画面,0,2014-12-01 09:00:00,,system,2014-12-01 09:00:00,system
SKJ0504-01,メータ設置場所登録画面,0,2014-12-01 09:00:00,,system,2014-12-01 09:00:00,system
SKJ0601-01,実量歴管理画面,0,2014-12-01 09:00:00,,system,2014-12-01 09:00:00,system
SKJ0701-01,制限中止割引情報更新画面,0,2014-12-01 09:00:00,,system,2014-12-01 09:00:00,system
SKJ0701-02,制限中止割引情報登録画面,0,2014-12-01 09:00:00,,system,2014-12-01 09:00:00,system
SRK0105-01,計算結果検索画面,0,2014-12-01 09:00:00,,system,2014-12-01 09:00:00,system
SRK0106-01,計算結果修正・補正画面,0,2014-12-01 09:00:00,,system,2014-12-01 09:00:00,system
SRK0107-01,料金再現計算画面,0,2014-12-01 09:00:00,,system,2014-12-01 09:00:00,system
SRK0110-01,確定料金実績明細照会画面,0,2014-12-01 09:00:00,,system,2014-12-01 09:00:00,system
SRK0120-01,計量器交換・臨時検針情報表示画面,0,2014-12-01 09:00:00,,system,2014-12-01 09:00:00,system
SRK01C01-01,確定料金実績一覧照会画面,0,2014-12-01 09:00:00,,system,2014-12-01 09:00:00,system
SRK0202-01,料金単価設定画面,0,2014-12-01 09:00:00,,system,2014-12-01 09:00:00,system
SRK0202-02,付帯単価設定画面,0,2014-12-01 09:00:00,,system,2014-12-01 09:00:00,system
SRK0401-01,料金実績情報ダウンロード画面,0,2014-12-01 09:00:00,,system,2014-12-01 09:00:00,system
SSN0301-01,入金情報登録画面,0,2014-12-01 09:00:00,,system,2014-12-01 09:00:00,system
SSN0302-01,不明入金一覧照会画面,0,2014-12-01 09:00:00,,system,2014-12-01 09:00:00,system
SSN0302-02,不明入金消込登録画面,0,2014-12-01 09:00:00,,system,2014-12-01 09:00:00,system
SSN0303-01,請求消込登録画面,0,2014-12-01 09:00:00,,system,2014-12-01 09:00:00,system
SSN0304-01,請求特別消込登録画面,0,2014-12-01 09:00:00,,system,2014-12-01 09:00:00,system
SSN0305-01,預り金特別消込登録画面,0,2014-12-01 09:00:00,,system,2014-12-01 09:00:00,system
SSN0306-01,預り金一覧照会画面,0,2014-12-01 09:00:00,,system,2014-12-01 09:00:00,system
SSN0404-01,督促更新画面,0,2014-12-01 09:00:00,,system,2014-12-01 09:00:00,system
SSN0407-01,債権譲渡登録画面,0,2014-12-01 09:00:00,,system,2014-12-01 09:00:00,system
SSN0501-01,請求入金一覧照会画面,0,2014-12-01 09:00:00,,system,2014-12-01 09:00:00,system
SSN0701-01,請求入金明細照会画面,0,2014-12-01 09:00:00,,system,2014-12-01 09:00:00,system
SSR0501-01,契約電力算定結果内訳帳票アップロード画面,0,2014-12-01 09:00:00,,system,2014-12-01 09:00:00,system
SSR0502-01,調定データアップロード画面,0,2014-12-01 09:00:00,,system,2014-12-01 09:00:00,system
SZZ0001-01,完了画面,0,2014-12-01 09:00:00,,system,2014-12-01 09:00:00,system
