sm_code,sm,update_count,create_time,online_update_time,online_update_user_id,update_time,update_module_code
1,単相２線式　100V・200V,0,2014-12-01 09:00:00,,system,2014-12-01 09:00:00,system
2,単相３線式　100V/200V,0,2014-12-01 09:00:00,,system,2014-12-01 09:00:00,system
3,三相３線式　200V,0,2014-12-01 09:00:00,,system,2014-12-01 09:00:00,system
4,三相４線式　200V・400V,0,2014-12-01 09:00:00,,system,2014-12-01 09:00:00,system
5,"高圧　6,000V",0,2020-07-01 09:00:00,,system,2020-07-01 09:00:00,system
6,"特別高圧　20,000V",0,2020-07-01 09:00:00,,system,2020-07-01 09:00:00,system
7,"特別高圧　60,000V",0,2020-07-01 09:00:00,,system,2020-07-01 09:00:00,system
8,"特別高圧　140,000V",0,2020-07-01 09:00:00,,system,2020-07-01 09:00:00,system
