ssys_id,ssys_name,update_count,create_time,online_update_time,online_update_user_id,update_time,update_module_code
GK,業務共通,0,2014-12-01 09:00:00,,system,2014-12-01 09:00:00,system
KJ,契約情報管理,0,2014-12-01 09:00:00,,system,2014-12-01 09:00:00,system
RK,料金計算,0,2014-12-01 09:00:00,,system,2014-12-01 09:00:00,system
SN,請求入金,0,2014-12-01 09:00:00,,system,2014-12-01 09:00:00,system
SR,他システム連携,0,2014-12-01 09:00:00,,system,2014-12-01 09:00:00,system
