todo_id,todo_no,accrual_time,update_date,contractor_no,contract_no,spot_no,next_mr_scheduled_date,ssys_id,function_id,message_id,todo_search_key,message,todo_status_code,deal_date,deal_time,dealer,note,update_count,create_time,online_update_time,online_update_user_id,update_time,update_module_code
2,D0000000002,2020-03-27 12:55:48.731,,300001,CISC00001,0110000000000000000101,,RK,RK0121,todo.T1077,RK0121todo.T1077,確定使用量を一時退避領域に格納しました。理由：契約開始日と開始月の使用量対象期間開始日が不一致,0,,,,確定使用量ファイル名：W51210201911010000007　地点特定番号：0110000000000000000101　エリアコード：01　処理日：2019/11/05　契約番号：CISC00001　計算済料金算定終了日：　使用量対象期間開始日：2019/10/01　使用量対象期間終了日：2019/10/31,0,2020-03-27 12:55:48.731,,,2020-03-27 12:55:48.731,RK012101_FixUsageTempEvacuateBatch
3,D0000000003,2020-03-27 12:55:48.754,2020-08-21,200309,ST1000029,0100200002000000003107,,RK,RK0121,todo.T1077,RK0121todo.T1077,確定使用量を一時退避領域に格納しました。理由：契約開始日と開始月の使用量対象期間開始日が不一致,0,,,"",確定使用量ファイル名：W51210201911010003107　地点特定番号：0100200002000000003107　エリアコード：01　処理日：2019/11/05　契約番号：ST1000029　計算済料金算定終了日：　使用量対象期間開始日：2019/10/02　使用量対象期間終了日：2019/10/31,2,2020-03-27 12:55:48.754,2020-08-21 10:19:08.014,kj_01_sysmng,2020-08-21 10:19:08.014,GK010102_UpdateTodoAction
4,D0000000004,2020-03-27 12:55:48.773,,200308,ST1000012,0110000000000000000305,,RK,RK0121,todo.T1077,RK0121todo.T1077,確定使用量を一時退避領域に格納しました。理由：契約開始日と開始月の使用量対象期間開始日が不一致,0,,,,確定使用量ファイル名：W51210201911010000004　地点特定番号：0110000000000000000305　エリアコード：01　処理日：2019/11/05　契約番号：ST1000012　計算済料金算定終了日：　使用量対象期間開始日：2019/10/02　使用量対象期間終了日：2019/10/31,0,2020-03-27 12:55:48.773,,,2020-03-27 12:55:48.773,RK012101_FixUsageTempEvacuateBatch
5,D0000000005,2020-03-27 12:59:59.281,,400017,ST1000033,0100200002000000002110,2015-11-18,RK,RK0102,todo.T1019,RK0102todo.T1019,連携期日を経過しても確定使用量メッセージが届いていない地点があります。地点特定番号：0100200002000000002110 処理日：2019/11/05 検針予定日：2015/11/18,0,,,,,0,2020-03-27 12:59:59.281,,,2020-03-27 12:59:59.281,RK010201_UsageLinkageCheckBatch
6,D0000000006,2020-03-27 12:59:59.299,,21009,ST1000022,0100300001000000001109,2015-11-18,RK,RK0102,todo.T1019,RK0102todo.T1019,連携期日を経過しても確定使用量メッセージが届いていない地点があります。地点特定番号：0100300001000000001109 処理日：2019/11/05 検針予定日：2015/11/18,0,,,,,0,2020-03-27 12:59:59.299,,,2020-03-27 12:59:59.299,RK010201_UsageLinkageCheckBatch
7,D0000000007,2020-03-27 17:00:51.505,,,,,,SN,SN0106,todo.T1013,SN0106todo.T1013,卸／取次事業者向け料金実績一覧ファイル，料金実績内訳ファイルが作成されています。　ダウンロード機能を使用し内容を確認してください。　提供モデル企業：Ａ社 料金実績一覧：4件 料金実績内訳：25件,0,,,,,0,2020-03-27 17:00:51.505,,,2020-03-27 17:00:51.505,SN010601_MonthlyCreateForWsAgOpCrgRsltListBatch
8,D0000000008,2020-03-27 17:00:51.545,,,,,,SN,SN0106,todo.T1018,SN0106todo.T1018,当該企業向けの料金実績および料金実績内訳データがありませんでした。　提供モデル企業：Ｂ社,0,,,,,0,2020-03-27 17:00:51.545,,,2020-03-27 17:00:51.545,SN010601_MonthlyCreateForWsAgOpCrgRsltListBatch
9,D0000000009,2020-03-27 17:00:51.576,,,,,,SN,SN0106,todo.T1018,SN0106todo.T1018,当該企業向けの料金実績および料金実績内訳データがありませんでした。　提供モデル企業：Ｃ社,0,,,,,0,2020-03-27 17:00:51.576,,,2020-03-27 17:00:51.576,SN010601_MonthlyCreateForWsAgOpCrgRsltListBatch
10,D0000000010,2020-03-27 17:00:51.755,,,,,,SN,SN0106,todo.T1013,SN0106todo.T1013,卸／取次事業者向け料金実績一覧ファイル，料金実績内訳ファイルが作成されています。　ダウンロード機能を使用し内容を確認してください。　提供モデル企業：Ｅ社 料金実績一覧：2件 料金実績内訳：13件,0,,,,,0,2020-03-27 17:00:51.755,,,2020-03-27 17:00:51.755,SN010601_MonthlyCreateForWsAgOpCrgRsltListBatch
11,D0000000011,2020-03-27 17:00:51.798,,,,,,SN,SN0106,todo.T1018,SN0106todo.T1018,当該企業向けの料金実績および料金実績内訳データがありませんでした。　提供モデル企業：Ｆ社,0,,,,,0,2020-03-27 17:00:51.798,,,2020-03-27 17:00:51.798,SN010601_MonthlyCreateForWsAgOpCrgRsltListBatch
12,D0000000012,2020-03-27 17:00:51.833,,,,,,SN,SN0106,todo.T1018,SN0106todo.T1018,当該企業向けの料金実績および料金実績内訳データがありませんでした。　提供モデル企業：Ｉ社,0,,,,,0,2020-03-27 17:00:51.833,,,2020-03-27 17:00:51.833,SN010601_MonthlyCreateForWsAgOpCrgRsltListBatch
13,D0000000013,2020-03-27 17:00:51.866,,,,,,SN,SN0106,todo.T1018,SN0106todo.T1018,当該企業向けの料金実績および料金実績内訳データがありませんでした。　提供モデル企業：Ｊ社,0,,,,,0,2020-03-27 17:00:51.866,,,2020-03-27 17:00:51.866,SN010601_MonthlyCreateForWsAgOpCrgRsltListBatch
14,D0000000014,2020-03-27 17:00:51.912,,,,,,SN,SN0106,todo.T1018,SN0106todo.T1018,当該企業向けの料金実績および料金実績内訳データがありませんでした。　提供モデル企業：Ｌ社,0,,,,,0,2020-03-27 17:00:51.912,,,2020-03-27 17:00:51.912,SN010601_MonthlyCreateForWsAgOpCrgRsltListBatch
15,D0000000015,2020-03-27 17:00:51.976,,,,,,SN,SN0106,todo.T1018,SN0106todo.T1018,当該企業向けの料金実績および料金実績内訳データがありませんでした。　提供モデル企業：Ｍ社,0,,,,,0,2020-03-27 17:00:51.976,,,2020-03-27 17:00:51.976,SN010601_MonthlyCreateForWsAgOpCrgRsltListBatch
16,D0000000016,2020-03-27 17:00:52.013,,,,,,SN,SN0106,todo.T1018,SN0106todo.T1018,当該企業向けの料金実績および料金実績内訳データがありませんでした。　提供モデル企業：Ｎ社,0,,,,,0,2020-03-27 17:00:52.013,,,2020-03-27 17:00:52.013,SN010601_MonthlyCreateForWsAgOpCrgRsltListBatch
17,D0000000017,2020-03-27 17:00:52.048,,,,,,SN,SN0106,todo.T1018,SN0106todo.T1018,当該企業向けの料金実績および料金実績内訳データがありませんでした。　提供モデル企業：Ｏ社,0,,,,,0,2020-03-27 17:00:52.048,,,2020-03-27 17:00:52.048,SN010601_MonthlyCreateForWsAgOpCrgRsltListBatch
18,D0000000018,2020-03-27 17:50:44.923,,,,,,SN,SN0201,todo.T1006,SN0201todo.T1006,"卸／取次事業者からの入金がありました。提供モデル企業コード：220000177、収納金融機関口座番号：1892021、収納金融機関コード：0001、収納金融機関支店コード：987、収納金融機関預金種目コード：1、入金者氏名カナ：ｵﾛｼ、入金額：5,268,690、収納日：2019/11/09、入金予定日：2019/11/10",0,,,,,0,2020-03-27 17:50:44.923,,,2020-03-27 17:50:44.923,SN020114_CreateDepositTransferBatch
19,D0000000019,2020-03-27 17:50:44.979,,,,,,SN,SN0201,todo.T1006,SN0201todo.T1006,"卸／取次事業者からの入金がありました。提供モデル企業コード：320000177、収納金融機関口座番号：1892072、収納金融機関コード：0001、収納金融機関支店コード：987、収納金融機関預金種目コード：1、入金者氏名カナ：ﾄﾘﾂｷﾞﾃﾝ、入金額：272,649、収納日：2019/11/09、入金予定日：2019/11/10",0,,,,,0,2020-03-27 17:50:44.979,,,2020-03-27 17:50:44.979,SN020114_CreateDepositTransferBatch
20,D0000000020,2020-03-27 17:53:54.325,,,,,,SN,SN0106,todo.T1032,SN0106todo.T1032,卸／取次事業者向け料金実績一覧（日次）ファイル，料金実績内訳ファイル（日次）への出力対象データがありませんでした。,0,,,,,0,2020-03-27 17:53:54.325,,,2020-03-27 17:53:54.325,SN010602_DailyCreateForWsAgOpCrgRsltListBatch
21,D0000000021,2020-06-20 00:59:23,,200310,ST1000039,0301234567890123456789,,RK,RK0101,todo.T1030,RK0101todo.T1030,料金確定済の契約（地点）に対して、訂正分の確定使用量メッセージが連携されています。次月に料金の補正を行ってください。　確定使用量ファイル名：W51920202006020100001_20200620091833407　地点特定番号：0301234567890123456789　エリアコード：03　処理日：2020/06/20　契約番号：ST1000039,0,,,,,0,2020-06-20 00:59:23,,,2020-06-20 00:59:23,RK010101_FixUsageApplyBatch
75,D0000000075,2022-02-10 11:21:33.277,,,,,,SN,SN0401,todo.T1003,SN0401todo.T1003,解約予告対象となる請求があります。　詳細を確認し契約者への解約予告通知をおこなってください。,0,,,,"データ区分：1	契約者番号：200348	請求番号：821000000223	契約者名：デモシナリオ１０		様	契約者住所：2300002	神奈川県横浜市鶴見区江ケ崎町		ご利用年月：2021/10	解約予定日：2022/01/06	解約回避支払期日：2021/12/17
データ区分：2	契約者番号：200348	請求番号：821000000223	契約番号：ST1000056	地点特定番号：0320220210000000001001	需要場所住所：東京都渋谷区渋谷	丸井ビル",0,2022-02-10 11:21:33.277,,,2022-02-10 11:21:33.277,SN040101_CancellationPreviousNoticeBatch
76,D0000000076,2022-02-10 11:47:10.183,,,,,,SN,SN0403,todo.T1004,SN0403todo.T1004,解約通知対象となる請求があります。　詳細を確認し契約者への解約通知をおこなってください。,0,,,,"データ区分：1	契約者番号：200348	請求番号：821000000223	契約者名：デモシナリオ１０		様	契約者住所：2300002	神奈川県横浜市鶴見区江ケ崎町		ご利用年月：2021/10	解約日：2022/01/06	支払期日：2021/11/17
データ区分：2	契約者番号：200348	請求番号：821000000223	契約番号：ST1000056	地点特定番号：0320220210000000001001	需要場所住所：東京都渋谷区渋谷	丸井ビル",0,2022-02-10 11:47:10.183,,,2022-02-10 11:47:10.183,SN040301_CancellationNoticeBatch
