urge_mng_id,contract_id,update_count,create_time,online_update_time,online_update_user_id,update_time,update_module_code
1,10,0,2022-02-10 11:21:00,,,2022-02-10 11:21:00,SN040101_CancellationPreviousNoticeBatch
1,11,0,2022-02-10 11:21:00,,,2022-02-10 11:21:00,SN040101_CancellationPreviousNoticeBatch
1,12,0,2022-02-10 11:21:00,,,2022-02-10 11:21:00,SN040101_CancellationPreviousNoticeBatch
1,13,0,2022-02-10 11:21:00,,,2022-02-10 11:21:00,SN040101_CancellationPreviousNoticeBatch
1,14,0,2022-02-10 11:21:00,,,2022-02-10 11:21:00,SN040101_CancellationPreviousNoticeBatch
1,15,0,2022-02-10 11:21:00,,,2022-02-10 11:21:00,SN040101_CancellationPreviousNoticeBatch
1,16,0,2022-02-10 11:21:00,,,2022-02-10 11:21:00,SN040101_CancellationPreviousNoticeBatch
1,17,0,2022-02-10 11:21:00,,,2022-02-10 11:21:00,SN040101_CancellationPreviousNoticeBatch
1,18,0,2022-02-10 11:21:00,,,2022-02-10 11:21:00,SN040101_CancellationPreviousNoticeBatch
1,19,0,2022-02-10 11:21:00,,,2022-02-10 11:21:00,SN040101_CancellationPreviousNoticeBatch
1,20,0,2022-02-10 11:21:00,,,2022-02-10 11:21:00,SN040101_CancellationPreviousNoticeBatch
1,21,0,2022-02-10 11:21:00,,,2022-02-10 11:21:00,SN040101_CancellationPreviousNoticeBatch
1,22,0,2022-02-10 11:21:00,,,2022-02-10 11:21:00,SN040101_CancellationPreviousNoticeBatch
1,23,0,2022-02-10 11:21:00,,,2022-02-10 11:21:00,SN040101_CancellationPreviousNoticeBatch
1,24,0,2022-02-10 11:21:00,,,2022-02-10 11:21:00,SN040101_CancellationPreviousNoticeBatch
1,25,0,2022-02-10 11:21:00,,,2022-02-10 11:21:00,SN040101_CancellationPreviousNoticeBatch
1,26,0,2022-02-10 11:21:00,,,2022-02-10 11:21:00,SN040101_CancellationPreviousNoticeBatch
1,27,0,2022-02-10 11:21:00,,,2022-02-10 11:21:00,SN040101_CancellationPreviousNoticeBatch
1,28,0,2022-02-10 11:21:00,,,2022-02-10 11:21:00,SN040101_CancellationPreviousNoticeBatch
1,29,0,2022-02-10 11:21:00,,,2022-02-10 11:21:00,SN040101_CancellationPreviousNoticeBatch
1,30,0,2022-02-10 11:21:00,,,2022-02-10 11:21:00,SN040101_CancellationPreviousNoticeBatch
1,31,0,2022-02-10 11:21:00,,,2022-02-10 11:21:00,SN040101_CancellationPreviousNoticeBatch
1,32,0,2022-02-10 11:21:00,,,2022-02-10 11:21:00,SN040101_CancellationPreviousNoticeBatch
1,33,0,2022-02-10 11:21:00,,,2022-02-10 11:21:00,SN040101_CancellationPreviousNoticeBatch
1,34,0,2022-02-10 11:21:00,,,2022-02-10 11:21:00,SN040101_CancellationPreviousNoticeBatch
1,35,0,2022-02-10 11:21:00,,,2022-02-10 11:21:00,SN040101_CancellationPreviousNoticeBatch
1,36,0,2022-02-10 11:21:00,,,2022-02-10 11:21:00,SN040101_CancellationPreviousNoticeBatch
1,37,0,2022-02-10 11:21:00,,,2022-02-10 11:21:00,SN040101_CancellationPreviousNoticeBatch
1,38,0,2022-02-10 11:21:00,,,2022-02-10 11:21:00,SN040101_CancellationPreviousNoticeBatch
1,39,0,2022-02-10 11:21:00,,,2022-02-10 11:21:00,SN040101_CancellationPreviousNoticeBatch
1,40,0,2022-02-10 11:21:00,,,2022-02-10 11:21:00,SN040101_CancellationPreviousNoticeBatch
1,41,0,2022-02-10 11:21:00,,,2022-02-10 11:21:00,SN040101_CancellationPreviousNoticeBatch
1,42,0,2022-02-10 11:21:00,,,2022-02-10 11:21:00,SN040101_CancellationPreviousNoticeBatch
1,43,0,2022-02-10 11:21:00,,,2022-02-10 11:21:00,SN040101_CancellationPreviousNoticeBatch
1,44,0,2022-02-10 11:21:00,,,2022-02-10 11:21:00,SN040101_CancellationPreviousNoticeBatch
1,45,0,2022-02-10 11:21:00,,,2022-02-10 11:21:00,SN040101_CancellationPreviousNoticeBatch
1,46,0,2022-02-10 11:21:00,,,2022-02-10 11:21:00,SN040101_CancellationPreviousNoticeBatch
1,47,0,2022-02-10 11:21:00,,,2022-02-10 11:21:00,SN040101_CancellationPreviousNoticeBatch
1,48,0,2022-02-10 11:21:00,,,2022-02-10 11:21:00,SN040101_CancellationPreviousNoticeBatch
1,49,0,2022-02-10 11:21:00,,,2022-02-10 11:21:00,SN040101_CancellationPreviousNoticeBatch
1,50,0,2022-02-10 11:21:00,,,2022-02-10 11:21:00,SN040101_CancellationPreviousNoticeBatch
1,51,0,2022-02-10 11:21:00,,,2022-02-10 11:21:00,SN040101_CancellationPreviousNoticeBatch
1,52,0,2022-02-10 11:21:00,,,2022-02-10 11:21:00,SN040101_CancellationPreviousNoticeBatch
1,53,0,2022-02-10 11:21:00,,,2022-02-10 11:21:00,SN040101_CancellationPreviousNoticeBatch
1,54,0,2022-02-10 11:21:00,,,2022-02-10 11:21:00,SN040101_CancellationPreviousNoticeBatch
1,55,0,2022-02-10 11:21:00,,,2022-02-10 11:21:00,SN040101_CancellationPreviousNoticeBatch
1,56,0,2022-02-10 11:21:33.267,,,2022-02-10 11:21:33.267,SN040101_CancellationPreviousNoticeBatch
1,57,0,2022-02-10 11:21:33.267,,,2022-02-10 11:21:33.267,SN040101_CancellationPreviousNoticeBatch
1,58,0,2022-02-10 11:21:00,,,2022-02-10 11:21:00,SN040101_CancellationPreviousNoticeBatch
1,59,0,2022-02-10 11:21:00,,,2022-02-10 11:21:00,SN040101_CancellationPreviousNoticeBatch
1,60,0,2022-02-10 11:21:00,,,2022-02-10 11:21:00,SN040101_CancellationPreviousNoticeBatch
1,61,0,2022-02-10 11:21:00,,,2022-02-10 11:21:00,SN040101_CancellationPreviousNoticeBatch
1,62,0,2022-02-10 11:21:00,,,2022-02-10 11:21:00,SN040101_CancellationPreviousNoticeBatch
1,63,0,2022-02-10 11:21:00,,,2022-02-10 11:21:00,SN040101_CancellationPreviousNoticeBatch
1,64,0,2022-02-10 11:21:00,,,2022-02-10 11:21:00,SN040101_CancellationPreviousNoticeBatch
1,65,0,2022-02-10 11:21:00,,,2022-02-10 11:21:00,SN040101_CancellationPreviousNoticeBatch
1,66,0,2022-02-10 11:21:33.267,,,2022-02-10 11:21:33.267,SN040101_CancellationPreviousNoticeBatch
1,67,0,2022-02-10 11:21:00,,,2022-02-10 11:21:00,SN040101_CancellationPreviousNoticeBatch
1,68,0,2022-02-10 11:21:00,,,2022-02-10 11:21:00,SN040101_CancellationPreviousNoticeBatch
1,69,0,2022-02-10 11:21:00,,,2022-02-10 11:21:00,SN040101_CancellationPreviousNoticeBatch
1,70,0,2022-02-10 11:21:00,,,2022-02-10 11:21:00,SN040101_CancellationPreviousNoticeBatch
1,71,0,2022-02-10 11:21:00,,,2022-02-10 11:21:00,SN040101_CancellationPreviousNoticeBatch
1,72,0,2022-02-10 11:21:00,,,2022-02-10 11:21:00,SN040101_CancellationPreviousNoticeBatch
1,73,0,2022-02-10 11:21:00,,,2022-02-10 11:21:00,SN040101_CancellationPreviousNoticeBatch
1,74,0,2022-02-10 11:21:00,,,2022-02-10 11:21:00,SN040101_CancellationPreviousNoticeBatch
