warning_class_code,warning_level,warning_class_name,deal_need_flag,warning_summary,update_count,create_time,online_update_time,online_update_user_id,update_time,update_module_code
101,1,確定使用量訂正データ受信,1,料金計算済み未確定の契約に対して、訂正の確定使用量が届いた場合。,0,2014-12-01 09:00:00,,system,2014-12-01 09:00:00,system
301,2,手動補正対象,1,強制警告を発生させた場合。,0,2014-12-01 09:00:00,,system,2014-12-01 09:00:00,system
302,3,月額料金不正,1,月額料金が不正（送電の場合マイナス、受電の場合プラス）の場合,0,2014-12-01 09:00:00,,system,2014-12-01 09:00:00,system
303,4,指示数使用量不一致,1,指示数差×乗率≠30分値のサマリの場合。ただし、メータ一周を考慮し、指示数差がマイナス値でかつ、メータ桁数を加算し、一致する場合は、正常とする。,0,2014-12-01 09:00:00,,system,2014-12-01 09:00:00,system
304,5,力率未設定,1,力率が計算に必要な料金メニューにおいて、力率が連携されなかった場合,0,2014-12-01 09:00:00,,system,2014-12-01 09:00:00,system
305,6,クレカ有効期限間近,0,クレジットカードの有効期限が2か月以内に切れる場合に警告を挙げる。,0,2014-12-01 09:00:00,,system,2014-12-01 09:00:00,system
351,7,検針日数過不足あり,1,検針日数と暦日数の差が既定の日数を超えた場合。,0,2014-12-01 09:00:00,,system,2014-12-01 09:00:00,system
352,8,最大需要電力未設定,1,確定使用量で最大需要電力が連携されなかった場合,0,2014-12-01 09:00:00,,system,2014-12-01 09:00:00,system
353,9,実量制契約電力未決定,1,実量制の契約時に実量歴の取り込みが行われていない場合,0,2014-12-01 09:00:00,,system,2014-12-01 09:00:00,system
354,10,計量器交換・臨時検針データ受信,1,計量器交換・臨時検針データ受信が届いた場合,0,2014-12-01 09:00:00,,system,2014-12-01 09:00:00,system
355,11,契約電力超過,1,高圧協議制の契約について、最大電力が契約電力を超過している場合,0,2014-12-01 09:00:00,,system,2014-12-01 09:00:00,system
356,12,契約電力超過（複数日割山）,1,高圧協議制の契約について、最大電力が契約電力を超過している場合で、日割山が2個以上のため、契約電力を一意に特定できない場合,0,2014-12-01 09:00:00,,system,2014-12-01 09:00:00,system
357,13,契約電力超過（予備契約あり）,1,高圧協議制の契約について、最大電力が契約電力を超過している場合で、常時契約と予備契約の契約電力が不一致のため、契約電力を一意に特定できない場合,0,2014-12-01 09:00:00,,system,2014-12-01 09:00:00,system
358,14,日割山最大数超過,1,算定期間内の日割山が３つを超える場合,0,2014-12-01 09:00:00,,system,2014-12-01 09:00:00,system
359,15,過去分未請求停電情報あり,0,算定期間より過去の未請求の制限中止割引情報が存在する場合,0,2014-12-01 09:00:00,,system,2014-12-01 09:00:00,system
360,16,算定期間内メニュー変更あり,1,算定期間内に料金メニューIDが変更されている場合,0,2014-12-01 09:00:00,,system,2014-12-01 09:00:00,system
361,17,制限中止割引情報の不整合あり,1,紐づく契約情報が協議制の場合に制限中止割引情報の割引対象時間数が未入力の場合、または実量制の場合に割引対象日数が未入力の場合,0,2014-12-01 09:00:00,,system,2014-12-01 09:00:00,system
