work_days_code,work_days_name,days,days_cat,calculation_date_cat,update_count,create_time,online_update_time,online_update_user_id,update_time,update_module_code
10,使用量未達判断日数,-4,1,1,0,2014-12-01 09:00:00,,system,2014-12-01 09:00:00,system
11,料金確定日数,-2,1,1,0,2014-12-01 09:00:00,,system,2014-12-01 09:00:00,system
12,督促情報表示日数,30,0,0,0,2014-12-01 09:00:00,,system,2014-12-01 09:00:00,system
13,クレカ有効期限警告日数,60,0,0,0,2014-12-01 09:00:00,,system,2014-12-01 09:00:00,system
14,契約情報出力対象日数,-90,0,0,0,2014-12-01 09:00:00,,system,2014-12-01 09:00:00,system
16,債権回収支払期限日数,184,0,2,0,2014-12-01 09:00:00,,system,2014-12-01 09:00:00,system
17,債権回収未収判断日数,18,0,1,0,2014-12-01 09:00:00,,system,2014-12-01 09:00:00,system
18,手動入力入金日許容日数（前）,-45,0,0,0,2014-12-01 09:00:00,,system,2014-12-01 09:00:00,system
19,手動入力入金日許容日数（後）,0,0,0,0,2014-12-01 09:00:00,,system,2014-12-01 09:00:00,system
2,支払期日日数,16,0,2,0,2014-12-01 09:00:00,,system,2014-12-01 09:00:00,system
20,次回検針予定日加算日数,30,0,1,0,2014-12-01 09:00:00,,system,2014-12-01 09:00:00,system
21,請求保留日数,0,1,1,0,2022-02-10 09:00:00,,system,2022-02-10 09:00:00,system
3,コンビニ未収判定日数,2,2,2,0,2014-12-01 09:00:00,,system,2014-12-01 09:00:00,system
4,請求書未収判定日数,2,2,2,0,2014-12-01 09:00:00,,system,2014-12-01 09:00:00,system
7,解約手続き日数,20,0,0,0,2014-12-01 09:00:00,,system,2014-12-01 09:00:00,system
8,口振依頼期限日数,8,2,2,0,2014-12-01 09:00:00,,system,2014-12-01 09:00:00,system
9,クレカ依頼期限日数,6,0,0,0,2014-12-01 09:00:00,,system,2014-12-01 09:00:00,system
