work_cat_code,work_cat,update_count,create_time,online_update_time,online_update_user_id,update_time,update_module_code
01,エラーメール確認業務,0,2014-12-01 09:00:00,,system,2014-12-01 09:00:00,system
02,解約通知業務,0,2014-12-01 09:00:00,,system,2014-12-01 09:00:00,system
03,解約予告通知業務,0,2014-12-01 09:00:00,,system,2014-12-01 09:00:00,system
04,送配電連携業務,0,2014-12-01 09:00:00,,system,2014-12-01 09:00:00,system
05,料金事務業務,0,2014-12-01 09:00:00,,system,2014-12-01 09:00:00,system
06,料金事務業務(経理),0,2014-12-01 09:00:00,,system,2014-12-01 09:00:00,system
99,その他業務,0,2014-12-01 09:00:00,,system,2014-12-01 09:00:00,system
